Date,Coin,Price,Open,High,Low,Vol.,Change %
10/02/2024,ETH,2508.31,2486.24,2514.83,2483.50,504.80K,0.89%
9/02/2024,ETH,2486.24,2419.56,2522.96,2419.16,540.92K,2.76%
8/02/2024,ETH,2419.56,2424.66,2461.00,2412.01,350.33K,-0.21%
7/02/2024,ETH,2424.64,2372.65,2443.71,2354.46,355.40K,2.19%
6/02/2024,ETH,2372.65,2301.83,2390.53,2299.24,381.23K,3.08%
5/02/2024,ETH,2301.83,2289.78,2336.63,2271.28,244.98K,0.53%
4/02/2024,ETH,2289.78,2296.50,2310.34,2272.02,180.39K,-0.29%
3/02/2024,ETH,2296.50,2309.28,2329.50,2293.10,137.80K,-0.55%
2/02/2024,ETH,2309.28,2304.28,2324.57,2282.87,246.89K,0.22%
1/02/2024,ETH,2304.28,2283.14,2311.31,2240.79,323.61K,0.93%
31/01/2024,ETH,2283.14,2343.11,2350.80,2266.80,408.79K,-2.56%
30/01/2024,ETH,2343.11,2317.79,2389.23,2298.85,387.12K,1.09%
29/01/2024,ETH,2317.79,2256.92,2320.97,2237.69,318.84K,2.70%
28/01/2024,ETH,2256.92,2267.91,2306.43,2240.14,216.93K,-0.48%
27/01/2024,ETH,2267.91,2267.56,2282.16,2252.31,151.26K,0.02%
26/01/2024,ETH,2267.55,2217.71,2280.83,2195.88,377.79K,2.25%
25/01/2024,ETH,2217.71,2234.64,2242.85,2173.82,344.11K,-0.76%
24/01/2024,ETH,2234.64,2243.72,2264.66,2198.89,373.25K,-0.41%
23/01/2024,ETH,2243.74,2313.65,2351.18,2169.54,750.52K,-3.02%
22/01/2024,ETH,2313.64,2457.06,2465.97,2304.06,560.84K,-5.84%
21/01/2024,ETH,2457.06,2472.04,2481.63,2453.48,126.52K,-0.61%
20/01/2024,ETH,2472.03,2491.81,2491.81,2455.07,143.98K,-0.79%
19/01/2024,ETH,2491.81,2469.77,2504.09,2418.61,443.42K,0.89%
18/01/2024,ETH,2469.77,2531.26,2548.79,2430.97,467.22K,-2.43%
17/01/2024,ETH,2531.26,2588.63,2592.88,2510.00,380.90K,-2.22%
16/01/2024,ETH,2588.64,2511.95,2613.71,2501.00,395.07K,3.05%
15/01/2024,ETH,2511.94,2473.96,2553.24,2472.69,332.15K,1.54%
14/01/2024,ETH,2473.96,2578.36,2578.37,2470.21,316.45K,-4.05%
13/01/2024,ETH,2578.36,2523.99,2589.98,2498.48,436.91K,2.15%
12/01/2024,ETH,2523.98,2618.08,2712.88,2462.93,931.96K,-3.59%
11/01/2024,ETH,2618.08,2581.90,2688.26,2567.55,889.36K,1.41%
10/01/2024,ETH,2581.79,2344.29,2629.68,2342.21,1.12M,10.11%
9/01/2024,ETH,2344.67,2330.99,2369.60,2229.25,588.19K,0.59%
8/01/2024,ETH,2330.98,2221.40,2357.14,2167.42,565.23K,4.93%
7/01/2024,ETH,2221.40,2240.49,2254.70,2209.46,216.41K,-0.85%
6/01/2024,ETH,2240.49,2268.14,2269.65,2217.05,202.82K,-1.22%
5/01/2024,ETH,2268.12,2267.29,2275.25,2207.40,426.01K,0.04%
4/01/2024,ETH,2267.27,2209.49,2293.17,2202.99,467.01K,2.62%
3/01/2024,ETH,2209.49,2355.28,2383.92,2122.78,852.01K,-6.19%
2/01/2024,ETH,2355.27,2352.06,2430.53,2347.62,491.56K,0.14%
1/01/2024,ETH,2352.03,2281.89,2352.03,2266.75,229.28K,3.07%
31/12/2023,ETH,2281.90,2291.70,2320.91,2264.67,232.62K,-0.43%
30/12/2023,ETH,2291.70,2299.24,2322.76,2269.23,219.92K,-0.33%
29/12/2023,ETH,2299.24,2344.48,2385.26,2265.63,475.37K,-1.93%
28/12/2023,ETH,2344.47,2378.63,2443.59,2338.46,626.91K,-1.44%
27/12/2023,ETH,2378.63,2230.76,2391.53,2213.78,577.27K,6.63%
26/12/2023,ETH,2230.74,2271.38,2274.71,2184.60,429.50K,-1.79%
25/12/2023,ETH,2271.38,2263.57,2303.28,2253.25,298.17K,0.35%
24/12/2023,ETH,2263.57,2308.60,2325.08,2247.73,319.33K,-1.95%
23/12/2023,ETH,2308.61,2324.24,2330.07,2267.39,266.30K,-0.67%
22/12/2023,ETH,2324.23,2239.62,2341.52,2232.83,620.73K,3.78%
21/12/2023,ETH,2239.62,2202.19,2277.72,2183.35,471.46K,1.70%
20/12/2023,ETH,2202.19,2177.45,2263.30,2161.76,440.35K,1.14%
19/12/2023,ETH,2177.44,2218.82,2254.75,2137.80,400.94K,-1.86%
18/12/2023,ETH,2218.80,2197.01,2223.30,2123.06,388.26K,0.99%
17/12/2023,ETH,2197.04,2229.07,2247.84,2196.06,233.48K,-1.44%
16/12/2023,ETH,2229.07,2220.41,2262.68,2212.80,206.79K,0.39%
15/12/2023,ETH,2220.41,2315.40,2317.42,2213.18,349.63K,-4.11%
14/12/2023,ETH,2315.64,2260.18,2331.63,2237.39,461.60K,2.45%
13/12/2023,ETH,2260.18,2203.49,2283.84,2148.87,436.64K,2.57%
12/12/2023,ETH,2203.49,2225.33,2243.34,2168.18,377.05K,-0.98%
11/12/2023,ETH,2225.34,2352.26,2355.02,2164.16,678.03K,-5.40%
10/12/2023,ETH,2352.26,2340.55,2376.57,2324.18,206.78K,0.50%
9/12/2023,ETH,2340.55,2358.42,2401.34,2332.36,304.64K,-0.76%
8/12/2023,ETH,2358.42,2355.78,2389.36,2340.88,397.41K,0.11%
7/12/2023,ETH,2355.80,2233.45,2381.65,2224.61,518.61K,5.48%
6/12/2023,ETH,2233.45,2293.36,2310.20,2223.15,431.57K,-2.61%
5/12/2023,ETH,2293.34,2243.30,2302.29,2190.96,561.41K,2.22%
4/12/2023,ETH,2243.54,2192.79,2272.26,2191.43,601.45K,2.31%
3/12/2023,ETH,2192.79,2164.79,2215.46,2150.58,279.65K,1.29%
2/12/2023,ETH,2164.79,2087.21,2179.73,2086.29,344.20K,3.72%
1/12/2023,ETH,2087.21,2051.59,2109.32,2045.39,402.51K,1.74%
30/11/2023,ETH,2051.56,2028.99,2054.33,2021.44,252.49K,1.11%
29/11/2023,ETH,2028.99,2048.47,2071.36,2020.31,269.97K,-0.95%
28/11/2023,ETH,2048.47,2027.51,2074.79,1996.19,312.94K,1.03%
27/11/2023,ETH,2027.51,2062.30,2071.13,1987.43,354.28K,-1.70%
26/11/2023,ETH,2062.64,2082.91,2092.80,2038.28,259.79K,-0.98%
25/11/2023,ETH,2083.09,2080.63,2089.64,2065.17,154.35K,0.12%
24/11/2023,ETH,2080.62,2061.92,2129.20,2059.23,460.97K,0.91%
23/11/2023,ETH,2061.92,2063.05,2088.20,2040.66,264.01K,-0.06%
22/11/2023,ETH,2063.05,1934.62,2090.01,1930.66,506.35K,6.64%
21/11/2023,ETH,1934.62,2021.49,2034.51,1932.50,527.41K,-4.30%
20/11/2023,ETH,2021.49,2011.02,2064.05,1994.89,455.23K,0.52%
19/11/2023,ETH,2011.01,1961.72,2014.93,1943.63,269.02K,2.51%
18/11/2023,ETH,1961.72,1960.80,1971.02,1920.13,298.88K,0.05%
17/11/2023,ETH,1960.80,1961.77,1990.24,1908.24,430.92K,-0.05%
16/11/2023,ETH,1961.76,2058.93,2089.44,1940.44,585.12K,-4.72%
15/11/2023,ETH,2058.93,1979.40,2060.95,1967.97,455.57K,4.03%
14/11/2023,ETH,1979.10,2054.15,2064.51,1943.01,521.22K,-3.66%
13/11/2023,ETH,2054.18,2044.61,2115.24,2031.01,578.44K,0.47%
12/11/2023,ETH,2044.61,2053.40,2065.35,2020.76,354.64K,-0.43%
11/11/2023,ETH,2053.42,2077.72,2089.24,2033.56,405.96K,-1.17%
10/11/2023,ETH,2077.78,2120.16,2135.91,2068.79,640.31K,-2.00%
9/11/2023,ETH,2120.16,1888.42,2131.31,1882.91,1.21M,12.22%
8/11/2023,ETH,1889.29,1885.95,1903.67,1873.47,265.08K,0.18%
7/11/2023,ETH,1885.97,1900.98,1906.55,1852.05,370.10K,-0.79%
6/11/2023,ETH,1900.98,1891.81,1913.13,1870.00,359.00K,0.46%
5/11/2023,ETH,1892.36,1855.72,1911.00,1846.57,418.91K,1.97%
4/11/2023,ETH,1855.72,1832.31,1868.52,1824.40,190.18K,1.28%
3/11/2023,ETH,1832.29,1800.28,1834.16,1779.79,337.00K,1.78%
2/11/2023,ETH,1800.27,1846.60,1873.02,1789.00,398.43K,-2.51%
1/11/2023,ETH,1846.60,1815.12,1857.00,1783.98,509.01K,1.73%
31/10/2023,ETH,1815.13,1809.05,1819.43,1783.32,279.11K,0.34%
30/10/2023,ETH,1809.05,1794.96,1829.47,1778.59,304.47K,0.78%
29/10/2023,ETH,1794.96,1776.21,1809.98,1764.08,156.39K,1.06%
28/10/2023,ETH,1776.21,1779.54,1801.12,1772.08,134.10K,-0.19%
27/10/2023,ETH,1779.54,1803.38,1803.63,1751.77,298.24K,-1.31%
26/10/2023,ETH,1803.13,1787.00,1864.81,1764.43,471.17K,0.90%
25/10/2023,ETH,1787.00,1784.88,1814.21,1761.39,389.39K,0.12%
24/10/2023,ETH,1784.88,1763.79,1853.31,1757.32,750.21K,1.20%
23/10/2023,ETH,1763.75,1663.35,1791.99,1657.57,672.28K,6.04%
22/10/2023,ETH,1663.35,1628.94,1667.50,1623.29,246.68K,2.11%
21/10/2023,ETH,1628.94,1603.89,1642.33,1592.41,188.94K,1.56%
20/10/2023,ETH,1603.89,1566.78,1629.26,1561.62,343.61K,2.37%
19/10/2023,ETH,1566.79,1563.43,1573.48,1543.87,238.42K,0.21%
18/10/2023,ETH,1563.43,1564.99,1583.77,1556.15,199.43K,-0.10%
17/10/2023,ETH,1564.99,1599.48,1600.49,1553.63,250.22K,-2.16%
16/10/2023,ETH,1599.48,1557.79,1635.46,1555.13,452.69K,2.69%
15/10/2023,ETH,1557.66,1554.96,1565.80,1550.05,128.70K,0.17%
14/10/2023,ETH,1554.96,1552.17,1559.94,1545.32,107.26K,0.18%
13/10/2023,ETH,1552.17,1539.70,1574.08,1538.07,208.91K,0.81%
12/10/2023,ETH,1539.70,1566.88,1568.47,1523.78,260.59K,-1.73%
11/10/2023,ETH,1566.88,1567.62,1578.16,1549.16,279.01K,-0.05%
10/10/2023,ETH,1567.60,1579.77,1593.73,1552.34,255.41K,-0.77%
9/10/2023,ETH,1579.74,1632.85,1635.13,1550.10,372.11K,-3.25%
8/10/2023,ETH,1632.85,1633.58,1641.30,1616.80,159.27K,-0.04%
7/10/2023,ETH,1633.58,1640.59,1643.25,1630.18,107.55K,-0.73%
6/10/2023,ETH,1645.62,1611.58,1659.99,1611.58,238.24K,2.11%
5/10/2023,ETH,1611.58,1646.61,1654.03,1609.54,253.05K,-2.15%
4/10/2023,ETH,1647.05,1656.88,1657.61,1630.48,243.08K,-0.59%
3/10/2023,ETH,1656.88,1662.79,1670.45,1644.05,216.11K,-0.36%
2/10/2023,ETH,1662.79,1732.90,1742.42,1638.04,412.81K,-4.05%
1/10/2023,ETH,1732.89,1670.92,1741.94,1668.94,245.32K,3.71%
30/09/2023,ETH,1670.92,1667.71,1693.68,1666.25,147.60K,0.19%
29/09/2023,ETH,1667.72,1652.89,1686.63,1648.47,273.45K,0.90%
28/09/2023,ETH,1652.89,1598.53,1667.61,1598.16,354.03K,3.40%
27/09/2023,ETH,1598.49,1594.05,1633.50,1585.28,307.59K,0.28%
26/09/2023,ETH,1594.04,1588.62,1597.67,1580.60,141.61K,0.34%
25/09/2023,ETH,1588.62,1580.55,1596.57,1564.70,191.41K,0.51%
24/09/2023,ETH,1580.55,1593.89,1600.37,1573.94,144.30K,-0.84%
23/09/2023,ETH,1593.89,1593.10,1597.96,1587.79,69.31K,0.05%
22/09/2023,ETH,1593.10,1584.03,1601.79,1578.78,135.12K,0.57%
21/09/2023,ETH,1584.03,1622.28,1625.31,1569.03,264.25K,-2.36%
20/09/2023,ETH,1622.28,1643.14,1649.17,1610.14,253.88K,-1.27%
19/09/2023,ETH,1643.08,1636.88,1659.53,1627.31,201.84K,0.38%
18/09/2023,ETH,1636.92,1622.63,1668.87,1609.69,302.35K,0.88%
17/09/2023,ETH,1622.65,1634.41,1635.00,1612.87,127.49K,-0.72%
16/09/2023,ETH,1634.41,1641.31,1650.04,1631.74,107.11K,-0.42%
15/09/2023,ETH,1641.31,1626.49,1652.40,1612.25,194.29K,0.91%
14/09/2023,ETH,1626.49,1607.63,1639.23,1607.08,293.64K,1.17%
13/09/2023,ETH,1607.63,1592.50,1614.43,1582.03,238.31K,0.95%
12/09/2023,ETH,1592.50,1551.89,1617.39,1549.71,354.59K,2.62%
11/09/2023,ETH,1551.89,1617.44,1618.80,1533.95,444.95K,-4.05%
10/09/2023,ETH,1617.44,1635.56,1635.72,1604.26,220.97K,-1.11%
9/09/2023,ETH,1635.56,1636.45,1637.21,1630.12,63.97K,-0.05%
8/09/2023,ETH,1636.45,1648.09,1657.53,1618.39,236.38K,-0.71%
7/09/2023,ETH,1648.09,1633.18,1658.04,1624.07,243.55K,0.91%
6/09/2023,ETH,1633.18,1634.46,1667.08,1610.49,240.73K,-0.08%
5/09/2023,ETH,1634.46,1630.53,1647.67,1610.02,219.79K,0.24%
4/09/2023,ETH,1630.51,1635.86,1643.31,1618.49,178.25K,-0.33%
3/09/2023,ETH,1635.85,1637.05,1645.16,1625.61,124.14K,-0.07%
2/09/2023,ETH,1637.05,1629.00,1644.63,1628.11,109.03K,0.49%
1/09/2023,ETH,1629.00,1645.82,1654.39,1603.67,319.19K,-1.02%
31/08/2023,ETH,1645.82,1705.23,1723.95,1634.74,355.27K,-3.48%
30/08/2023,ETH,1705.22,1729.69,1730.71,1696.99,218.44K,-1.41%
29/08/2023,ETH,1729.69,1653.22,1742.83,1640.29,528.63K,4.63%
28/08/2023,ETH,1653.22,1658.34,1660.80,1628.79,229.39K,-0.31%
27/08/2023,ETH,1658.33,1647.05,1660.11,1646.35,94.20K,0.68%
26/08/2023,ETH,1647.05,1653.74,1655.58,1644.04,84.34K,-0.40%
25/08/2023,ETH,1653.74,1661.18,1676.13,1636.77,250.86K,-0.43%
24/08/2023,ETH,1660.89,1679.93,1683.03,1642.45,246.62K,-1.13%
23/08/2023,ETH,1679.93,1634.30,1697.63,1629.86,399.71K,2.79%
22/08/2023,ETH,1634.29,1667.60,1669.22,1588.36,424.51K,-2.00%
21/08/2023,ETH,1667.60,1685.24,1686.11,1651.77,265.91K,-1.05%
20/08/2023,ETH,1685.24,1669.68,1692.47,1662.82,205.82K,0.93%
19/08/2023,ETH,1669.67,1661.27,1693.88,1654.35,243.31K,0.51%
18/08/2023,ETH,1661.26,1681.51,1698.77,1646.32,572.90K,-1.34%
17/08/2023,ETH,1683.89,1807.81,1809.81,1560.88,876.70K,-6.85%
16/08/2023,ETH,1807.81,1828.98,1831.52,1803.31,217.47K,-1.16%
15/08/2023,ETH,1828.98,1845.51,1847.35,1816.32,196.60K,-0.90%
14/08/2023,ETH,1845.51,1840.73,1856.48,1835.90,158.11K,0.26%
13/08/2023,ETH,1840.73,1849.94,1861.50,1835.51,126.51K,-0.50%
12/08/2023,ETH,1849.94,1848.88,1853.54,1846.13,66.93K,0.06%
11/08/2023,ETH,1848.88,1852.46,1857.17,1840.65,120.55K,-0.19%
10/08/2023,ETH,1852.46,1855.36,1865.94,1847.34,134.21K,-0.16%
9/08/2023,ETH,1855.36,1856.24,1870.48,1846.76,203.58K,-0.05%
8/08/2023,ETH,1856.24,1829.10,1871.77,1826.40,253.39K,1.48%
7/08/2023,ETH,1829.11,1830.28,1846.41,1805.30,243.92K,-0.06%
6/08/2023,ETH,1830.28,1836.48,1838.08,1826.12,100.32K,-0.34%
5/08/2023,ETH,1836.48,1830.24,1838.62,1827.52,103.08K,0.34%
4/08/2023,ETH,1830.24,1835.98,1849.13,1819.65,199.60K,-0.31%
3/08/2023,ETH,1835.98,1839.76,1858.62,1828.34,182.56K,-0.23%
2/08/2023,ETH,1840.21,1874.21,1879.32,1822.94,272.70K,-1.81%
1/08/2023,ETH,1874.21,1856.17,1875.00,1818.06,386.29K,0.97%
31/07/2023,ETH,1856.17,1861.81,1876.03,1851.42,177.97K,-0.30%
30/07/2023,ETH,1861.81,1880.55,1884.33,1851.63,167.77K,-1.00%
29/07/2023,ETH,1880.55,1874.23,1886.26,1869.74,79.76K,0.34%
28/07/2023,ETH,1874.23,1861.32,1882.23,1856.90,148.92K,0.69%
27/07/2023,ETH,1861.32,1872.00,1885.87,1855.40,176.21K,-0.57%
26/07/2023,ETH,1872.00,1857.67,1886.92,1849.43,286.61K,0.77%
25/07/2023,ETH,1857.67,1850.05,1867.36,1845.68,161.06K,0.41%
24/07/2023,ETH,1850.04,1888.85,1890.78,1835.14,297.13K,-2.05%
23/07/2023,ETH,1888.85,1866.26,1903.95,1858.12,164.31K,1.21%
22/07/2023,ETH,1866.25,1891.75,1897.03,1854.09,143.13K,-1.35%
21/07/2023,ETH,1891.75,1891.68,1905.57,1884.95,176.39K,0.03%
20/07/2023,ETH,1891.23,1888.64,1928.36,1879.39,321.92K,0.14%
19/07/2023,ETH,1888.65,1897.58,1920.48,1882.18,244.92K,-0.47%
18/07/2023,ETH,1897.58,1911.24,1917.21,1877.52,233.00K,-0.71%
17/07/2023,ETH,1911.24,1922.45,1935.99,1876.00,293.54K,-0.58%
16/07/2023,ETH,1922.45,1931.43,1942.55,1918.01,158.59K,-0.46%
15/07/2023,ETH,1931.42,1938.05,1946.10,1926.83,145.89K,-0.34%
14/07/2023,ETH,1938.05,2004.77,2025.56,1900.22,530.86K,-3.33%
13/07/2023,ETH,2004.77,1871.86,2010.75,1863.22,588.53K,7.10%
12/07/2023,ETH,1871.86,1878.33,1901.45,1865.11,280.91K,-0.34%
11/07/2023,ETH,1878.33,1880.42,1889.83,1863.93,191.47K,-0.11%
10/07/2023,ETH,1880.42,1862.91,1903.82,1846.71,264.83K,0.94%
9/07/2023,ETH,1862.91,1865.28,1878.22,1856.97,145.47K,-0.13%
8/07/2023,ETH,1865.28,1870.92,1873.16,1843.82,136.69K,-0.30%
7/07/2023,ETH,1870.92,1848.29,1877.51,1827.35,249.82K,1.22%
6/07/2023,ETH,1848.36,1910.43,1957.58,1847.01,483.00K,-3.25%
5/07/2023,ETH,1910.43,1936.21,1942.15,1896.43,284.34K,-1.33%
4/07/2023,ETH,1936.19,1955.56,1966.03,1931.64,226.10K,-0.99%
3/07/2023,ETH,1955.56,1937.57,1974.61,1934.51,346.33K,0.93%
2/07/2023,ETH,1937.57,1924.53,1958.36,1893.68,283.61K,0.68%
1/07/2023,ETH,1924.53,1933.80,1943.20,1909.92,189.41K,-0.48%
30/06/2023,ETH,1933.80,1851.92,1943.65,1837.49,765.42K,4.42%
29/06/2023,ETH,1851.92,1827.95,1878.86,1827.95,256.22K,1.31%
28/06/2023,ETH,1827.95,1889.51,1890.11,1821.94,356.71K,-3.26%
27/06/2023,ETH,1889.51,1859.00,1911.73,1856.19,386.05K,1.64%
26/06/2023,ETH,1859.00,1898.80,1906.07,1840.63,479.76K,-2.10%
25/06/2023,ETH,1898.80,1875.00,1929.61,1869.28,356.99K,1.27%
24/06/2023,ETH,1875.00,1891.98,1904.04,1865.77,239.37K,-0.90%
23/06/2023,ETH,1891.97,1872.29,1932.23,1864.60,428.03K,1.05%
22/06/2023,ETH,1872.32,1889.87,1931.60,1866.66,438.75K,-0.93%
21/06/2023,ETH,1889.87,1791.64,1899.11,1787.59,653.63K,5.48%
20/06/2023,ETH,1791.61,1737.06,1793.35,1715.20,359.77K,3.14%
19/06/2023,ETH,1737.06,1720.98,1748.05,1706.40,263.64K,0.93%
18/06/2023,ETH,1720.98,1727.79,1746.40,1715.90,167.46K,-0.39%
17/06/2023,ETH,1727.79,1717.92,1764.06,1714.30,227.93K,0.57%
16/06/2023,ETH,1717.92,1666.96,1728.35,1653.68,333.35K,3.06%
15/06/2023,ETH,1666.96,1650.96,1678.94,1632.50,397.40K,0.97%
14/06/2023,ETH,1650.96,1739.60,1749.90,1636.49,451.13K,-5.10%
13/06/2023,ETH,1739.60,1742.60,1763.15,1727.64,303.23K,-0.17%
12/06/2023,ETH,1742.60,1752.80,1757.79,1722.92,320.47K,-0.58%
11/06/2023,ETH,1752.80,1751.56,1775.87,1740.02,232.04K,0.07%
10/06/2023,ETH,1751.56,1840.41,1844.23,1719.16,696.59K,-4.83%
9/06/2023,ETH,1840.41,1845.68,1854.72,1828.66,215.71K,-0.29%
8/06/2023,ETH,1845.68,1832.10,1860.53,1829.38,202.78K,0.74%
7/06/2023,ETH,1832.10,1884.63,1893.73,1823.42,454.83K,-2.76%
6/06/2023,ETH,1884.17,1811.19,1895.79,1800.75,518.57K,4.03%
5/06/2023,ETH,1811.20,1890.00,1890.53,1782.82,588.61K,-4.17%
4/06/2023,ETH,1890.04,1892.05,1914.12,1884.54,183.07K,-0.11%
3/06/2023,ETH,1892.05,1907.10,1907.90,1884.17,157.10K,-0.79%
2/06/2023,ETH,1907.10,1861.77,1910.01,1847.84,329.16K,2.43%
1/06/2023,ETH,1861.77,1873.62,1888.07,1846.23,286.98K,-0.63%
31/05/2023,ETH,1873.63,1900.59,1906.21,1852.00,337.87K,-1.42%
30/05/2023,ETH,1900.59,1892.61,1915.91,1882.97,288.67K,0.42%
29/05/2023,ETH,1892.61,1908.37,1925.74,1878.33,338.07K,-0.83%
28/05/2023,ETH,1908.35,1829.91,1914.92,1824.70,401.09K,4.29%
27/05/2023,ETH,1829.91,1827.80,1835.94,1817.35,147.46K,0.12%
26/05/2023,ETH,1827.80,1805.62,1837.39,1798.10,290.89K,1.22%
25/05/2023,ETH,1805.69,1799.91,1817.05,1764.92,370.60K,0.32%
24/05/2023,ETH,1799.91,1854.08,1854.08,1781.70,441.64K,-2.92%
23/05/2023,ETH,1854.08,1817.19,1868.89,1815.41,428.05K,2.03%
22/05/2023,ETH,1817.19,1804.89,1827.38,1792.35,250.27K,0.68%
21/05/2023,ETH,1804.89,1819.66,1827.47,1799.03,170.05K,-0.81%
20/05/2023,ETH,1819.68,1812.32,1828.06,1807.08,134.46K,0.41%
19/05/2023,ETH,1812.32,1800.95,1829.33,1796.99,253.50K,0.63%
18/05/2023,ETH,1800.99,1822.12,1831.51,1774.77,311.24K,-1.14%
17/05/2023,ETH,1821.73,1823.98,1834.44,1785.78,376.26K,-0.12%
16/05/2023,ETH,1823.98,1817.11,1830.01,1797.60,325.77K,0.38%
15/05/2023,ETH,1817.11,1799.36,1845.27,1786.61,405.84K,0.99%
14/05/2023,ETH,1799.36,1795.11,1822.93,1791.86,229.74K,0.25%
13/05/2023,ETH,1794.95,1807.31,1814.55,1786.23,223.65K,-0.68%
12/05/2023,ETH,1807.31,1794.71,1812.46,1741.48,598.87K,0.70%
11/05/2023,ETH,1794.71,1840.92,1841.04,1774.30,548.42K,-2.51%
10/05/2023,ETH,1840.92,1846.56,1886.83,1797.07,685.11K,-0.31%
9/05/2023,ETH,1846.56,1847.48,1858.57,1832.05,318.79K,-0.05%
8/05/2023,ETH,1847.48,1871.03,1883.54,1813.63,667.82K,-1.26%
7/05/2023,ETH,1870.99,1896.48,1931.39,1870.94,441.65K,-1.34%
6/05/2023,ETH,1896.48,1993.33,2013.10,1868.09,658.63K,-4.86%
5/05/2023,ETH,1993.33,1877.06,1996.64,1875.66,589.05K,6.19%
4/05/2023,ETH,1877.06,1904.76,1915.15,1868.18,372.69K,-1.45%
3/05/2023,ETH,1904.74,1869.74,1915.00,1844.72,489.66K,1.87%
2/05/2023,ETH,1869.74,1830.75,1878.70,1823.25,391.27K,2.13%
1/05/2023,ETH,1830.75,1869.05,1885.70,1807.30,475.92K,-2.04%
30/04/2023,ETH,1868.88,1907.80,1937.86,1868.88,377.71K,-2.04%
29/04/2023,ETH,1907.80,1890.93,1915.90,1886.27,193.47K,0.88%
28/04/2023,ETH,1891.14,1908.79,1922.85,1875.03,408.45K,-0.93%
27/04/2023,ETH,1908.81,1866.05,1937.55,1862.37,771.48K,2.29%
26/04/2023,ETH,1866.05,1865.95,1963.46,1793.76,958.23K,0.01%
25/04/2023,ETH,1865.95,1841.88,1877.54,1804.20,491.98K,1.31%
24/04/2023,ETH,1841.88,1862.04,1889.09,1809.80,480.28K,-1.08%
23/04/2023,ETH,1862.05,1873.96,1881.92,1839.05,368.77K,-0.63%
22/04/2023,ETH,1873.95,1848.88,1886.22,1845.73,351.72K,1.30%
21/04/2023,ETH,1849.81,1942.72,1955.35,1831.47,769.94K,-4.78%
20/04/2023,ETH,1942.72,1935.97,1977.95,1917.71,665.65K,0.35%
19/04/2023,ETH,1935.97,2103.36,2104.31,1925.00,855.36K,-7.96%
18/04/2023,ETH,2103.34,2074.74,2121.27,2056.86,437.10K,1.38%
17/04/2023,ETH,2074.74,2118.61,2119.18,2062.17,448.14K,-2.10%
16/04/2023,ETH,2119.29,2090.59,2137.56,2073.26,342.43K,1.37%
15/04/2023,ETH,2090.59,2099.98,2110.30,2074.33,340.60K,-0.45%
14/04/2023,ETH,2099.98,2012.12,2127.56,2009.53,957.03K,4.37%
13/04/2023,ETH,2012.11,1916.59,2018.73,1899.96,721.56K,4.98%
12/04/2023,ETH,1916.58,1889.86,1930.46,1857.35,669.43K,1.41%
11/04/2023,ETH,1889.86,1910.35,1935.75,1884.64,428.26K,-1.07%
10/04/2023,ETH,1910.36,1858.90,1916.53,1847.39,457.41K,2.77%
9/04/2023,ETH,1858.90,1848.93,1871.87,1825.60,306.40K,0.54%
8/04/2023,ETH,1848.93,1863.45,1879.11,1847.72,207.67K,-0.78%
7/04/2023,ETH,1863.46,1872.35,1882.56,1844.43,298.77K,-0.47%
6/04/2023,ETH,1872.35,1908.95,1908.95,1855.89,420.80K,-1.92%
5/04/2023,ETH,1908.96,1870.52,1936.10,1864.64,583.84K,2.05%
4/04/2023,ETH,1870.52,1810.77,1887.33,1802.51,658.37K,3.30%
3/04/2023,ETH,1810.77,1795.01,1838.71,1764.26,657.58K,0.88%
2/04/2023,ETH,1795.01,1820.78,1824.32,1775.81,334.84K,-1.42%
1/04/2023,ETH,1820.78,1821.62,1840.27,1811.67,283.39K,-0.05%
31/03/2023,ETH,1821.62,1793.59,1845.54,1782.26,579.01K,1.56%
30/03/2023,ETH,1793.59,1793.16,1828.91,1766.90,607.74K,0.02%
29/03/2023,ETH,1793.27,1772.64,1825.01,1772.64,564.93K,1.16%
28/03/2023,ETH,1772.63,1714.65,1792.38,1702.95,561.33K,3.38%
27/03/2023,ETH,1714.65,1773.91,1780.06,1691.38,607.00K,-3.35%
26/03/2023,ETH,1774.06,1742.32,1796.77,1739.39,371.97K,1.82%
25/03/2023,ETH,1742.34,1749.28,1761.66,1714.43,368.84K,-0.40%
24/03/2023,ETH,1749.26,1813.62,1818.53,1728.69,602.30K,-3.57%
23/03/2023,ETH,1814.08,1734.32,1852.48,1729.38,767.73K,4.59%
22/03/2023,ETH,1734.48,1801.58,1818.47,1711.05,933.24K,-3.83%
21/03/2023,ETH,1803.54,1732.32,1833.12,1719.55,779.81K,4.11%
20/03/2023,ETH,1732.31,1780.12,1802.76,1723.90,716.26K,-2.65%
19/03/2023,ETH,1779.47,1758.70,1838.84,1758.66,574.73K,1.18%
18/03/2023,ETH,1758.70,1789.38,1833.82,1751.14,763.06K,-1.71%
17/03/2023,ETH,1789.38,1673.76,1796.74,1663.67,975.13K,6.90%
16/03/2023,ETH,1673.85,1649.66,1689.09,1634.21,660.14K,1.47%
15/03/2023,ETH,1649.65,1700.14,1716.56,1614.93,1.02M,-2.97%
14/03/2023,ETH,1700.15,1673.83,1776.65,1655.74,1.36M,1.57%
13/03/2023,ETH,1673.93,1580.28,1690.18,1565.83,1.30M,5.93%
12/03/2023,ETH,1580.24,1472.08,1585.09,1452.33,1.06M,7.42%
11/03/2023,ETH,1471.15,1426.74,1475.92,1408.58,1.43M,3.11%
10/03/2023,ETH,1426.75,1437.49,1437.49,1371.47,1.01M,-0.82%
9/03/2023,ETH,1438.50,1533.04,1545.98,1413.17,764.77K,-6.17%
8/03/2023,ETH,1533.04,1561.79,1569.70,1531.28,478.44K,-1.84%
7/03/2023,ETH,1561.78,1565.84,1580.95,1536.31,460.10K,-0.26%
6/03/2023,ETH,1565.84,1564.36,1581.13,1555.43,322.16K,0.09%
5/03/2023,ETH,1564.37,1566.73,1587.95,1556.84,313.01K,-0.15%
4/03/2023,ETH,1566.73,1569.45,1577.02,1550.10,247.02K,-0.14%
3/03/2023,ETH,1568.89,1647.86,1649.19,1547.61,783.74K,-4.76%
2/03/2023,ETH,1647.38,1666.09,1677.45,1620.20,440.63K,-1.12%
1/03/2023,ETH,1666.09,1604.69,1668.55,1595.40,497.12K,3.83%
28/02/2023,ETH,1604.69,1633.66,1646.33,1598.67,411.49K,-1.77%
27/02/2023,ETH,1633.66,1641.59,1664.98,1609.82,458.53K,-0.48%
26/02/2023,ETH,1641.60,1594.66,1648.77,1588.65,326.58K,2.94%
25/02/2023,ETH,1594.66,1608.24,1608.62,1562.10,309.29K,-0.84%
24/02/2023,ETH,1608.24,1650.52,1663.82,1579.68,548.07K,-2.56%
23/02/2023,ETH,1650.52,1643.39,1678.20,1630.94,529.75K,0.43%
22/02/2023,ETH,1643.39,1659.41,1666.39,1600.79,560.40K,-0.97%
21/02/2023,ETH,1659.41,1703.29,1716.35,1637.16,554.52K,-2.58%
20/02/2023,ETH,1703.27,1681.49,1719.10,1651.54,478.59K,1.29%
19/02/2023,ETH,1681.52,1691.62,1722.28,1670.97,427.00K,-0.60%
18/02/2023,ETH,1691.62,1693.96,1708.87,1681.17,283.51K,-0.14%
17/02/2023,ETH,1693.96,1640.66,1720.06,1631.92,617.21K,3.25%
16/02/2023,ETH,1640.66,1675.43,1738.87,1634.97,894.27K,-2.08%
15/02/2023,ETH,1675.43,1555.45,1676.94,1542.80,627.07K,7.71%
14/02/2023,ETH,1555.46,1505.85,1565.20,1494.30,705.28K,3.29%
13/02/2023,ETH,1505.84,1515.44,1525.56,1464.10,681.85K,-0.63%
12/02/2023,ETH,1515.44,1538.34,1547.30,1495.05,302.73K,-1.49%
11/02/2023,ETH,1538.34,1513.12,1542.64,1508.07,306.24K,1.62%
10/02/2023,ETH,1513.82,1545.35,1554.19,1499.49,523.33K,-2.04%
9/02/2023,ETH,1545.35,1650.97,1655.96,1530.98,702.21K,-6.40%
8/02/2023,ETH,1650.99,1671.39,1694.28,1631.15,447.57K,-1.22%
7/02/2023,ETH,1671.40,1613.72,1676.83,1613.20,481.91K,3.57%
6/02/2023,ETH,1613.72,1629.44,1657.75,1606.59,401.03K,-0.96%
5/02/2023,ETH,1629.44,1666.90,1671.88,1612.70,435.14K,-2.25%
4/02/2023,ETH,1666.90,1663.78,1694.58,1646.11,328.66K,0.19%
3/02/2023,ETH,1663.79,1641.70,1673.59,1628.73,489.79K,1.34%
2/02/2023,ETH,1641.71,1642.10,1710.27,1632.39,685.27K,-0.02%
1/02/2023,ETH,1642.10,1585.27,1647.27,1560.18,505.44K,3.59%
31/01/2023,ETH,1585.27,1566.50,1602.03,1562.04,368.94K,1.20%
30/01/2023,ETH,1566.50,1645.97,1647.25,1540.25,630.55K,-4.83%
29/01/2023,ETH,1645.97,1572.13,1657.19,1566.90,595.67K,4.63%
28/01/2023,ETH,1573.07,1597.61,1605.96,1561.24,332.62K,-1.54%
27/01/2023,ETH,1597.60,1602.54,1620.15,1560.21,533.75K,-0.31%
26/01/2023,ETH,1602.55,1611.20,1629.89,1581.76,552.26K,-0.54%
25/01/2023,ETH,1611.20,1555.97,1638.97,1523.71,681.59K,3.54%
24/01/2023,ETH,1556.15,1626.52,1641.17,1539.51,493.47K,-4.33%
23/01/2023,ETH,1626.53,1627.04,1643.82,1591.90,436.57K,-0.03%
22/01/2023,ETH,1627.03,1626.66,1662.13,1609.32,456.36K,0.09%
21/01/2023,ETH,1625.53,1659.96,1678.27,1622.89,523.34K,-2.08%
20/01/2023,ETH,1659.98,1551.12,1662.26,1543.21,472.15K,6.98%
19/01/2023,ETH,1551.62,1511.35,1560.70,1510.65,329.04K,2.67%
18/01/2023,ETH,1511.31,1564.66,1604.74,1505.37,801.71K,-3.41%
17/01/2023,ETH,1564.67,1576.94,1603.32,1544.45,536.73K,-0.78%
16/01/2023,ETH,1576.94,1552.69,1598.18,1526.40,617.00K,1.56%
15/01/2023,ETH,1552.69,1550.05,1564.34,1517.40,411.43K,0.17%
14/01/2023,ETH,1550.02,1450.86,1576.83,1449.47,1.03M,6.83%
13/01/2023,ETH,1450.86,1416.08,1463.53,1401.98,552.05K,2.46%
12/01/2023,ETH,1416.08,1389.84,1435.95,1365.78,960.62K,1.89%
11/01/2023,ETH,1389.84,1335.14,1392.40,1322.10,509.99K,4.10%
10/01/2023,ETH,1335.13,1320.51,1344.42,1316.95,487.24K,1.11%
9/01/2023,ETH,1320.51,1288.39,1344.39,1285.97,629.22K,2.49%
8/01/2023,ETH,1288.38,1263.91,1289.13,1259.15,231.75K,1.94%
7/01/2023,ETH,1263.90,1269.14,1270.95,1261.46,141.94K,-0.41%
6/01/2023,ETH,1269.14,1250.95,1274.85,1240.38,369.54K,1.45%
5/01/2023,ETH,1250.95,1256.92,1259.08,1242.93,289.49K,-0.47%
4/01/2023,ETH,1256.92,1214.57,1266.97,1212.91,504.28K,3.49%
3/01/2023,ETH,1214.57,1213.93,1219.75,1206.83,219.98K,0.05%
2/01/2023,ETH,1213.93,1200.52,1220.76,1193.77,270.72K,1.12%
1/01/2023,ETH,1200.52,1195.69,1204.12,1191.67,126.62K,0.41%
31/12/2022,ETH,1195.67,1200.00,1207.71,1193.16,150.20K,-0.34%
30/12/2022,ETH,1199.80,1200.84,1202.13,1186.10,285.77K,-0.09%
29/12/2022,ETH,1200.84,1189.99,1205.34,1187.19,272.59K,0.91%
28/12/2022,ETH,1189.98,1211.60,1214.32,1184.22,407.45K,-1.78%
27/12/2022,ETH,1211.60,1228.22,1233.15,1202.02,290.02K,-1.31%
26/12/2022,ETH,1227.65,1218.69,1230.37,1213.08,177.66K,0.73%
25/12/2022,ETH,1218.69,1220.46,1223.82,1201.20,256.52K,-0.15%
24/12/2022,ETH,1220.46,1220.03,1226.20,1214.76,131.51K,0.04%
23/12/2022,ETH,1220.03,1217.59,1228.46,1212.97,301.17K,0.20%
22/12/2022,ETH,1217.57,1213.99,1229.47,1185.27,383.63K,0.31%
21/12/2022,ETH,1213.85,1217.19,1218.69,1205.48,269.18K,-0.28%
20/12/2022,ETH,1217.20,1167.80,1228.97,1163.57,497.61K,4.23%
19/12/2022,ETH,1167.80,1182.70,1194.47,1152.54,337.02K,-1.26%
18/12/2022,ETH,1182.70,1187.19,1196.55,1172.82,272.63K,-0.38%
17/12/2022,ETH,1187.18,1166.70,1189.21,1162.76,363.23K,1.75%
16/12/2022,ETH,1166.70,1266.32,1279.27,1156.91,829.23K,-7.87%
15/12/2022,ETH,1266.32,1307.29,1311.07,1260.89,446.34K,-3.13%
14/12/2022,ETH,1307.30,1320.76,1348.43,1302.76,614.31K,-1.02%
13/12/2022,ETH,1320.76,1275.49,1345.07,1255.82,717.71K,3.59%
12/12/2022,ETH,1275.02,1263.42,1278.37,1241.45,395.62K,0.92%
11/12/2022,ETH,1263.42,1266.36,1282.86,1258.53,192.46K,-0.25%
10/12/2022,ETH,1266.62,1262.88,1281.24,1260.05,193.32K,0.30%
9/12/2022,ETH,1262.86,1280.29,1291.11,1257.00,437.55K,-1.36%
8/12/2022,ETH,1280.29,1231.04,1289.87,1223.27,447.07K,4.00%
7/12/2022,ETH,1231.04,1271.24,1275.30,1221.10,422.12K,-3.16%
6/12/2022,ETH,1271.26,1259.56,1273.92,1243.66,342.16K,0.93%
5/12/2022,ETH,1259.56,1279.21,1303.92,1248.69,430.54K,-1.58%
4/12/2022,ETH,1279.74,1240.46,1284.24,1240.14,344.96K,3.17%
3/12/2022,ETH,1240.46,1295.69,1302.61,1237.81,373.79K,-4.26%
2/12/2022,ETH,1295.69,1276.05,1295.80,1266.16,393.37K,1.54%
1/12/2022,ETH,1276.05,1294.40,1295.82,1263.58,453.59K,-1.42%
30/11/2022,ETH,1294.41,1216.54,1304.97,1213.44,858.51K,6.40%
29/11/2022,ETH,1216.55,1167.73,1226.35,1159.72,549.93K,4.18%
28/11/2022,ETH,1167.73,1193.38,1199.06,1151.98,518.17K,-2.15%
27/11/2022,ETH,1193.38,1205.17,1222.83,1191.09,306.64K,-0.98%
26/11/2022,ETH,1205.15,1198.12,1229.20,1196.93,413.09K,0.59%
25/11/2022,ETH,1198.12,1203.77,1204.75,1172.63,426.96K,-0.47%
24/11/2022,ETH,1203.77,1185.70,1217.38,1180.91,544.83K,1.52%
23/11/2022,ETH,1185.79,1139.74,1189.17,1128.53,688.96K,4.04%
22/11/2022,ETH,1139.74,1107.46,1141.58,1077.85,815.18K,2.91%
21/11/2022,ETH,1107.46,1142.88,1143.96,1081.96,981.81K,-3.10%
20/11/2022,ETH,1142.88,1217.65,1226.14,1135.57,564.89K,-6.14%
19/11/2022,ETH,1217.65,1208.92,1231.15,1207.34,225.46K,0.86%
18/11/2022,ETH,1207.31,1206.99,1225.39,1201.47,388.69K,0.18%
17/11/2022,ETH,1205.17,1206.16,1227.73,1185.58,567.61K,-0.08%
16/11/2022,ETH,1206.16,1253.45,1267.62,1188.76,705.31K,-3.77%
15/11/2022,ETH,1253.45,1242.64,1289.21,1235.39,686.18K,0.87%
14/11/2022,ETH,1242.64,1221.47,1289.01,1175.42,1.01M,1.73%
13/11/2022,ETH,1221.47,1256.29,1274.24,1205.61,597.25K,-2.77%
12/11/2022,ETH,1256.29,1288.71,1291.39,1239.34,602.58K,-2.51%
11/11/2022,ETH,1288.63,1299.21,1307.16,1203.04,1.45M,-0.81%
10/11/2022,ETH,1299.15,1100.86,1346.92,1089.01,2.19M,18.01%
9/11/2022,ETH,1100.84,1335.26,1337.19,1076.29,2.92M,-17.56%
8/11/2022,ETH,1335.25,1567.54,1576.10,1241.18,2.87M,-14.82%
7/11/2022,ETH,1567.57,1570.71,1608.06,1547.29,719.30K,-0.21%
6/11/2022,ETH,1570.86,1626.86,1637.44,1565.79,464.26K,-3.45%
5/11/2022,ETH,1627.07,1645.03,1664.42,1623.48,404.02K,-1.09%
4/11/2022,ETH,1645.01,1531.06,1666.17,1528.60,1.07M,7.44%
3/11/2022,ETH,1531.08,1518.99,1558.75,1515.75,631.90K,0.79%
2/11/2022,ETH,1519.04,1579.59,1618.82,1503.29,1.14M,-3.84%
1/11/2022,ETH,1579.64,1572.89,1609.10,1564.69,593.31K,0.43%
31/10/2022,ETH,1572.89,1590.47,1634.17,1550.72,938.65K,-1.11%
30/10/2022,ETH,1590.47,1619.67,1638.60,1577.35,542.49K,-1.80%
29/10/2022,ETH,1619.69,1554.47,1660.13,1548.83,1.05M,4.20%
28/10/2022,ETH,1554.47,1514.14,1572.66,1489.99,966.35K,2.66%
27/10/2022,ETH,1514.19,1566.18,1575.90,1508.24,1.02M,-3.32%
26/10/2022,ETH,1566.16,1459.60,1590.23,1458.61,1.43M,7.30%
25/10/2022,ETH,1459.60,1343.88,1522.06,1335.38,1.28M,8.61%
24/10/2022,ETH,1343.88,1364.19,1369.35,1324.25,665.58K,-1.47%
23/10/2022,ETH,1363.92,1313.64,1370.91,1301.80,473.61K,3.83%
22/10/2022,ETH,1313.64,1299.76,1318.84,1294.61,244.20K,1.07%
21/10/2022,ETH,1299.76,1282.87,1306.27,1257.83,525.54K,1.32%
20/10/2022,ETH,1282.87,1285.33,1310.47,1272.79,483.19K,-0.19%
19/10/2022,ETH,1285.32,1310.81,1313.46,1282.44,406.74K,-1.94%
18/10/2022,ETH,1310.81,1331.40,1341.21,1287.58,625.85K,-1.53%
17/10/2022,ETH,1331.12,1305.95,1338.39,1296.45,498.15K,1.93%
16/10/2022,ETH,1305.95,1274.93,1314.52,1274.66,333.15K,2.46%
15/10/2022,ETH,1274.57,1296.74,1301.48,1264.86,321.11K,-1.71%
14/10/2022,ETH,1296.74,1287.33,1342.01,1284.08,734.03K,0.73%
13/10/2022,ETH,1287.34,1294.56,1299.74,1196.63,1.09M,-0.56%
12/10/2022,ETH,1294.57,1279.97,1304.45,1275.77,418.57K,1.14%
11/10/2022,ETH,1279.97,1290.00,1297.59,1269.35,498.63K,-0.78%
10/10/2022,ETH,1290.04,1323.17,1337.58,1288.68,451.44K,-2.52%
9/10/2022,ETH,1323.41,1315.08,1328.55,1308.15,210.50K,0.64%
8/10/2022,ETH,1315.05,1331.07,1336.69,1304.08,227.70K,-1.20%
7/10/2022,ETH,1330.99,1352.17,1361.26,1319.17,574.76K,-1.57%
6/10/2022,ETH,1352.27,1352.07,1383.02,1347.78,680.65K,0.01%
5/10/2022,ETH,1352.07,1361.51,1364.03,1317.58,564.42K,-0.69%
4/10/2022,ETH,1361.48,1323.37,1367.30,1318.87,550.05K,2.88%
3/10/2022,ETH,1323.41,1277.02,1329.16,1266.86,604.19K,3.74%
2/10/2022,ETH,1275.74,1311.80,1317.41,1272.38,432.45K,-2.75%
1/10/2022,ETH,1311.80,1328.73,1333.61,1303.22,293.02K,-1.27%
30/09/2022,ETH,1328.73,1336.05,1372.44,1316.62,866.63K,-0.55%
29/09/2022,ETH,1336.08,1337.34,1351.61,1289.66,871.66K,-0.10%
28/09/2022,ETH,1337.37,1328.23,1354.75,1261.29,1.08M,0.69%
27/09/2022,ETH,1328.23,1337.07,1399.67,1305.49,1.00M,-0.66%
26/09/2022,ETH,1337.06,1294.24,1339.17,1279.71,1.05M,3.31%
25/09/2022,ETH,1294.26,1317.01,1335.73,1271.87,579.09K,-1.73%
24/09/2022,ETH,1317.00,1327.91,1348.91,1307.96,559.42K,-0.83%
23/09/2022,ETH,1327.96,1326.12,1356.74,1264.91,1.16M,0.11%
22/09/2022,ETH,1326.44,1247.64,1346.38,1237.96,1.11M,6.31%
21/09/2022,ETH,1247.74,1323.34,1388.38,1222.29,1.39M,-5.71%
20/09/2022,ETH,1323.33,1375.96,1384.39,1315.03,765.14K,-3.83%
19/09/2022,ETH,1376.00,1334.82,1391.50,1284.50,1.11M,3.07%
18/09/2022,ETH,1335.01,1468.76,1469.21,1327.21,934.28K,-9.11%
17/09/2022,ETH,1468.79,1434.01,1475.05,1409.65,483.78K,2.43%
16/09/2022,ETH,1434.01,1472.63,1483.43,1410.90,829.01K,-2.62%
15/09/2022,ETH,1472.64,1637.89,1653.55,1461.16,1.66M,-10.09%
14/09/2022,ETH,1637.92,1574.41,1646.09,1556.97,858.28K,4.03%
13/09/2022,ETH,1574.47,1716.45,1751.50,1562.30,1.30M,-8.27%
12/09/2022,ETH,1716.42,1766.99,1782.74,1694.08,727.78K,-2.86%
11/09/2022,ETH,1766.93,1774.38,1786.73,1722.62,467.42K,-0.42%
10/09/2022,ETH,1774.38,1718.84,1788.10,1707.81,470.19K,3.23%
9/09/2022,ETH,1718.81,1635.33,1743.47,1631.17,969.87K,5.14%
8/09/2022,ETH,1634.85,1629.63,1660.56,1595.90,772.84K,0.33%
7/09/2022,ETH,1629.51,1557.85,1657.05,1493.19,976.59K,4.60%
6/09/2022,ETH,1557.85,1617.40,1686.23,1556.09,1.18M,-3.66%
5/09/2022,ETH,1617.07,1578.90,1628.77,1557.66,571.75K,2.42%
4/09/2022,ETH,1578.89,1557.35,1580.81,1541.16,339.06K,1.37%
3/09/2022,ETH,1557.55,1575.31,1581.37,1535.98,378.79K,-1.13%
2/09/2022,ETH,1575.34,1585.55,1647.50,1547.68,1.04M,-0.64%
1/09/2022,ETH,1585.48,1554.57,1597.48,1514.75,823.90K,1.95%
31/08/2022,ETH,1555.12,1523.39,1617.09,1523.39,1.07M,2.09%
30/08/2022,ETH,1523.34,1552.56,1605.30,1475.68,1.14M,-1.88%
29/08/2022,ETH,1552.60,1426.25,1559.46,1424.33,931.76K,8.86%
28/08/2022,ETH,1426.25,1490.88,1507.92,1424.69,633.35K,-4.33%
27/08/2022,ETH,1490.83,1508.32,1518.14,1449.31,866.82K,-1.14%
26/08/2022,ETH,1508.08,1695.38,1703.32,1490.67,1.34M,-11.05%
25/08/2022,ETH,1695.37,1656.64,1720.84,1654.77,677.67K,2.34%
24/08/2022,ETH,1656.64,1665.30,1691.25,1606.06,827.20K,-0.50%
23/08/2022,ETH,1664.89,1626.70,1672.63,1564.37,1.05M,2.34%
22/08/2022,ETH,1626.75,1618.21,1627.13,1531.91,1.04M,0.53%
21/08/2022,ETH,1618.25,1575.61,1644.88,1563.92,852.07K,2.71%
20/08/2022,ETH,1575.60,1609.01,1654.84,1525.51,1.01M,-2.11%
19/08/2022,ETH,1609.48,1846.52,1846.97,1607.60,1.59M,-12.84%
18/08/2022,ETH,1846.51,1834.19,1880.22,1822.04,675.27K,0.67%
17/08/2022,ETH,1834.18,1876.69,1956.54,1821.00,1.10M,-2.27%
16/08/2022,ETH,1876.70,1900.08,1914.06,1856.44,725.78K,-1.24%
15/08/2022,ETH,1900.25,1935.10,2012.02,1873.70,1.09M,-1.80%
14/08/2022,ETH,1935.10,1983.52,2028.40,1909.19,662.15K,-2.44%
13/08/2022,ETH,1983.50,1957.62,2018.97,1946.65,798.08K,1.32%
12/08/2022,ETH,1957.63,1880.30,1961.83,1856.64,834.69K,4.11%
11/08/2022,ETH,1880.28,1853.50,1931.06,1850.72,1.31M,1.45%
10/08/2022,ETH,1853.46,1702.80,1881.39,1657.78,1.52M,8.85%
9/08/2022,ETH,1702.80,1778.15,1789.55,1668.79,960.58K,-4.25%
8/08/2022,ETH,1778.42,1700.26,1813.45,1694.69,951.02K,4.59%
7/08/2022,ETH,1700.29,1690.29,1728.97,1669.39,530.48K,0.59%
6/08/2022,ETH,1690.27,1737.66,1749.33,1687.74,696.11K,-2.73%
5/08/2022,ETH,1737.71,1607.00,1740.33,1605.71,1.21M,8.14%
4/08/2022,ETH,1606.94,1618.07,1661.15,1581.18,881.56K,-0.69%
3/08/2022,ETH,1618.08,1631.46,1682.23,1591.60,906.08K,-0.82%
2/08/2022,ETH,1631.48,1630.07,1675.51,1560.17,1.25M,0.08%
1/08/2022,ETH,1630.10,1679.98,1702.81,1607.29,959.53K,-2.97%
31/07/2022,ETH,1680.00,1695.99,1752.94,1667.41,822.23K,-0.94%
30/07/2022,ETH,1695.97,1720.80,1741.34,1674.42,891.42K,-1.44%
29/07/2022,ETH,1720.77,1725.97,1764.74,1658.26,1.44M,-0.30%
28/07/2022,ETH,1726.01,1635.99,1781.39,1597.67,1.87M,5.50%
27/07/2022,ETH,1636.01,1449.65,1643.70,1421.17,1.80M,12.77%
26/07/2022,ETH,1450.70,1438.76,1451.46,1357.70,1.42M,0.85%
25/07/2022,ETH,1438.52,1598.19,1608.06,1438.50,1.65M,-9.99%
24/07/2022,ETH,1598.19,1549.61,1659.93,1547.70,1.18M,3.14%
23/07/2022,ETH,1549.61,1534.85,1596.02,1490.35,1.03M,0.96%
22/07/2022,ETH,1534.85,1575.68,1644.99,1520.36,1.43M,-2.59%
21/07/2022,ETH,1575.68,1520.66,1600.35,1465.93,1.55M,3.62%
20/07/2022,ETH,1520.64,1543.45,1618.43,1488.73,1.65M,-1.48%
19/07/2022,ETH,1543.50,1584.33,1620.35,1494.88,2.18M,-2.60%
18/07/2022,ETH,1584.77,1337.92,1590.95,1336.75,2.37M,18.46%
17/07/2022,ETH,1337.85,1356.00,1385.23,1323.23,1.41M,-1.34%
16/07/2022,ETH,1356.08,1231.03,1399.16,1192.18,1.77M,10.16%
15/07/2022,ETH,1231.03,1192.83,1284.76,1182.22,1.74M,3.21%
14/07/2022,ETH,1192.75,1115.80,1210.17,1072.58,1.86M,6.89%
13/07/2022,ETH,1115.83,1038.60,1116.51,1012.29,2.48M,7.44%
12/07/2022,ETH,1038.56,1096.41,1097.75,1035.82,1.49M,-5.28%
11/07/2022,ETH,1096.43,1167.35,1170.63,1093.28,1.34M,-6.08%
10/07/2022,ETH,1167.35,1216.94,1219.26,1155.25,1.12M,-4.07%
9/07/2022,ETH,1216.94,1216.26,1232.69,1205.26,644.47K,0.05%
8/07/2022,ETH,1216.33,1238.10,1275.69,1194.15,1.45M,-1.76%
7/07/2022,ETH,1238.15,1186.48,1252.69,1163.85,1.18M,4.36%
6/07/2022,ETH,1186.45,1133.87,1202.09,1112.02,1.42M,4.63%
5/07/2022,ETH,1133.90,1151.19,1170.97,1079.36,1.59M,-1.50%
4/07/2022,ETH,1151.19,1074.07,1159.76,1045.97,1.35M,7.18%
3/07/2022,ETH,1074.08,1066.60,1086.90,1041.82,755.27K,0.70%
2/07/2022,ETH,1066.60,1059.05,1077.66,1029.03,865.06K,0.72%
1/07/2022,ETH,1058.94,1069.13,1110.25,1035.79,1.89M,-0.95%
30/06/2022,ETH,1069.05,1099.51,1105.88,1000.77,1.71M,-2.77%
29/06/2022,ETH,1099.51,1143.95,1155.02,1088.10,1.54M,-3.89%
28/06/2022,ETH,1143.97,1191.02,1234.96,1137.57,1.32M,-3.94%
27/06/2022,ETH,1190.84,1198.03,1237.14,1176.77,1.07M,-0.60%
26/06/2022,ETH,1198.03,1241.80,1276.81,1196.20,1.13M,-3.52%
25/06/2022,ETH,1241.76,1224.96,1255.55,1181.11,1.03M,1.37%
24/06/2022,ETH,1225.03,1144.33,1244.82,1132.87,1.66M,7.07%
23/06/2022,ETH,1144.19,1049.02,1152.97,1046.57,1.57M,9.07%
22/06/2022,ETH,1049.02,1125.96,1127.06,1045.37,1.58M,-6.83%
21/06/2022,ETH,1125.96,1128.29,1192.27,1110.63,1.60M,-0.21%
20/06/2022,ETH,1128.32,1128.39,1165.62,1056.58,2.04M,-0.01%
19/06/2022,ETH,1128.39,995.49,1152.07,938.24,2.42M,13.34%
18/06/2022,ETH,995.61,1086.47,1096.93,883.35,2.77M,-8.36%
17/06/2022,ETH,1086.47,1068.49,1116.46,1052.17,1.45M,1.68%
16/06/2022,ETH,1068.49,1237.92,1254.28,1052.65,1.76M,-13.69%
15/06/2022,ETH,1237.92,1208.82,1244.80,1016.99,3.73M,2.24%
14/06/2022,ETH,1210.84,1206.67,1261.39,1078.11,3.27M,0.35%
13/06/2022,ETH,1206.67,1434.43,1454.07,1168.68,4.39M,-15.94%
12/06/2022,ETH,1435.46,1531.50,1542.01,1430.93,1.82M,-6.27%
11/06/2022,ETH,1531.42,1663.04,1681.58,1503.15,1.44M,-7.91%
10/06/2022,ETH,1663.02,1788.15,1803.54,1657.30,1.13M,-6.99%
9/06/2022,ETH,1788.06,1792.81,1832.70,1778.00,625.76K,-0.28%
8/06/2022,ETH,1793.00,1813.05,1837.41,1766.94,1.09M,-1.14%
7/06/2022,ETH,1813.72,1859.99,1870.99,1727.77,1.64M,-2.49%
6/06/2022,ETH,1859.99,1806.11,1919.40,1804.77,939.37K,2.95%
5/06/2022,ETH,1806.71,1804.60,1829.25,1773.65,437.73K,0.13%
4/06/2022,ETH,1804.37,1775.28,1815.19,1748.89,442.10K,1.64%
3/06/2022,ETH,1775.29,1834.66,1843.31,1740.83,884.53K,-3.24%
2/06/2022,ETH,1834.64,1817.98,1851.25,1784.23,975.53K,0.91%
1/06/2022,ETH,1818.07,1941.81,1971.22,1770.85,1.29M,-6.37%
31/05/2022,ETH,1941.79,1998.46,2015.02,1928.93,933.24K,-2.84%
30/05/2022,ETH,1998.46,1813.56,2009.95,1804.33,1.04M,10.20%
29/05/2022,ETH,1813.56,1792.25,1824.81,1764.72,554.58K,1.16%
28/05/2022,ETH,1792.68,1724.67,1807.79,1722.88,658.23K,3.97%
27/05/2022,ETH,1724.30,1793.19,1820.82,1708.62,1.57M,-3.85%
26/05/2022,ETH,1793.42,1942.89,1964.91,1744.12,1.42M,-7.69%
25/05/2022,ETH,1942.91,1979.40,2020.64,1937.52,639.93K,-1.84%
24/05/2022,ETH,1979.35,1973.01,1992.60,1914.48,620.41K,0.33%
23/05/2022,ETH,1972.93,2043.19,2086.21,1959.57,738.09K,-3.44%
22/05/2022,ETH,2043.19,1975.12,2055.15,1966.34,425.98K,3.45%
21/05/2022,ETH,1975.12,1959.79,1989.44,1940.59,292.47K,0.78%
20/05/2022,ETH,1959.85,2019.36,2061.08,1923.86,699.69K,-2.95%
19/05/2022,ETH,2019.34,1913.99,2039.71,1903.67,858.97K,5.61%
18/05/2022,ETH,1912.12,2091.05,2108.84,1909.56,751.82K,-8.56%
17/05/2022,ETH,2091.14,2023.00,2120.03,2008.84,736.63K,3.37%
16/05/2022,ETH,2022.93,2145.86,2145.86,1979.93,950.85K,-5.73%
15/05/2022,ETH,2145.86,2056.33,2161.78,2001.74,589.77K,4.36%
14/05/2022,ETH,2056.30,2009.55,2068.66,1952.07,656.94K,2.33%
13/05/2022,ETH,2009.53,1955.59,2146.22,1941.53,1.34M,2.77%
12/05/2022,ETH,1955.36,2087.17,2190.51,1796.24,2.84M,-6.03%
11/05/2022,ETH,2080.79,2342.27,2451.33,2007.57,2.70M,-11.16%
10/05/2022,ETH,2342.30,2229.69,2455.19,2202.02,1.95M,5.08%
9/05/2022,ETH,2229.10,2519.98,2529.35,2228.90,1.93M,-11.54%
8/05/2022,ETH,2519.98,2636.03,2641.84,2492.59,925.40K,-4.40%
7/05/2022,ETH,2636.03,2692.92,2703.11,2589.29,458.05K,-2.11%
6/05/2022,ETH,2692.88,2747.60,2757.14,2635.85,881.18K,-1.99%
5/05/2022,ETH,2747.46,2940.70,2952.84,2730.95,899.82K,-6.57%
4/05/2022,ETH,2940.70,2781.47,2963.54,2773.90,662.07K,5.72%
3/05/2022,ETH,2781.47,2856.01,2861.42,2757.36,447.80K,-2.61%
2/05/2022,ETH,2856.01,2825.65,2879.99,2780.08,617.74K,1.07%
1/05/2022,ETH,2825.80,2727.20,2847.02,2720.57,512.01K,3.62%
30/04/2022,ETH,2727.18,2817.14,2841.16,2716.31,430.98K,-3.18%
29/04/2022,ETH,2816.66,2937.01,2946.18,2778.33,629.56K,-4.10%
28/04/2022,ETH,2937.01,2889.01,2977.78,2856.42,726.03K,1.66%
27/04/2022,ETH,2888.99,2810.42,2916.39,2795.58,602.24K,2.80%
26/04/2022,ETH,2810.42,3006.04,3032.70,2768.38,694.46K,-6.51%
25/04/2022,ETH,3006.04,2922.03,3023.23,2800.21,807.69K,2.88%
24/04/2022,ETH,2922.03,2931.90,2966.94,2915.66,269.29K,-0.34%
23/04/2022,ETH,2931.90,2963.00,2977.45,2917.84,227.07K,-1.05%
22/04/2022,ETH,2963.00,2983.91,3029.14,2937.47,544.89K,-0.70%
21/04/2022,ETH,2983.95,3076.06,3176.69,2950.97,675.44K,-3.00%
20/04/2022,ETH,3076.38,3101.79,3161.90,3037.67,512.72K,-0.83%
19/04/2022,ETH,3102.01,3055.86,3128.86,3030.32,427.14K,1.52%
18/04/2022,ETH,3055.64,2989.05,3069.07,2887.25,681.76K,2.23%
17/04/2022,ETH,2989.05,3058.96,3081.14,2983.17,311.54K,-2.29%
16/04/2022,ETH,3058.96,3042.01,3084.84,3011.47,245.47K,0.56%
15/04/2022,ETH,3042.01,3021.93,3056.84,2996.62,309.95K,0.66%
14/04/2022,ETH,3021.93,3117.21,3143.18,2980.84,546.54K,-3.05%
13/04/2022,ETH,3116.92,3027.64,3128.20,2999.66,563.89K,2.96%
12/04/2022,ETH,3027.25,2978.45,3082.02,2951.80,790.54K,1.64%
11/04/2022,ETH,2978.29,3201.99,3213.52,2953.66,876.67K,-6.98%
10/04/2022,ETH,3201.84,3259.59,3306.14,3198.10,327.86K,-1.76%
9/04/2022,ETH,3259.35,3193.54,3268.18,3182.10,283.24K,2.05%
8/04/2022,ETH,3193.93,3228.83,3311.42,3174.14,654.82K,-1.08%
7/04/2022,ETH,3228.84,3169.58,3268.56,3143.96,569.39K,1.87%
6/04/2022,ETH,3169.58,3406.83,3406.87,3164.24,950.59K,-6.96%
5/04/2022,ETH,3406.78,3520.35,3554.54,3400.74,500.27K,-3.23%
4/04/2022,ETH,3520.41,3521.16,3544.92,3412.01,547.68K,-0.02%
3/04/2022,ETH,3521.10,3442.34,3579.82,3414.40,473.54K,2.29%
2/04/2022,ETH,3442.34,3456.18,3529.63,3436.79,629.29K,-0.40%
1/04/2022,ETH,3456.18,3282.33,3478.74,3215.33,649.92K,5.30%
31/03/2022,ETH,3282.35,3385.60,3444.43,3263.36,545.44K,-3.05%
30/03/2022,ETH,3385.64,3401.86,3445.98,3333.50,425.38K,-0.48%
29/03/2022,ETH,3401.89,3329.67,3481.23,3329.67,570.03K,2.18%
28/03/2022,ETH,3329.38,3295.73,3428.41,3275.32,628.91K,0.98%
27/03/2022,ETH,3297.04,3145.95,3297.40,3126.46,402.02K,4.80%
26/03/2022,ETH,3146.01,3103.43,3150.09,3085.80,244.28K,1.37%
25/03/2022,ETH,3103.51,3110.80,3192.73,3081.71,583.25K,-0.18%
24/03/2022,ETH,3109.25,3036.18,3126.37,3005.99,699.58K,2.41%
23/03/2022,ETH,3036.12,2969.64,3042.28,2925.78,536.63K,2.24%
22/03/2022,ETH,2969.64,2891.41,3048.32,2887.69,716.47K,2.70%
21/03/2022,ETH,2891.63,2861.66,2960.42,2830.38,546.61K,1.05%
20/03/2022,ETH,2861.69,2950.03,2962.19,2819.27,436.11K,-2.99%
19/03/2022,ETH,2949.92,2939.76,2984.00,2895.30,392.64K,0.35%
18/03/2022,ETH,2939.76,2812.29,2983.11,2768.65,1.59B,4.53%
17/03/2022,ETH,2812.29,2773.80,2832.61,2747.06,1.06B,1.38%
16/03/2022,ETH,2773.94,2617.43,2787.12,2603.80,1.79B,5.98%
15/03/2022,ETH,2617.43,2589.54,2667.61,2510.75,1.19B,1.09%
14/03/2022,ETH,2589.30,2516.75,2608.68,2500.12,991.82M,2.88%
13/03/2022,ETH,2516.75,2569.80,2600.65,2494.59,811.55M,-2.06%
12/03/2022,ETH,2569.80,2556.96,2612.33,2555.85,567.25M,0.50%
11/03/2022,ETH,2556.96,2606.50,2670.05,2525.20,1.28B,-1.90%
10/03/2022,ETH,2606.50,2726.94,2731.37,2559.90,1.46B,-4.42%
9/03/2022,ETH,2726.94,2577.21,2772.09,2569.13,1.52B,5.81%
8/03/2022,ETH,2577.21,2492.53,2623.99,2483.29,1.44B,3.40%
7/03/2022,ETH,2492.53,2549.40,2645.41,2447.74,1.58B,-2.23%
6/03/2022,ETH,2549.40,2665.42,2673.19,2542.19,881.09M,-4.35%
5/03/2022,ETH,2665.42,2622.15,2684.50,2592.07,709.87M,1.65%
4/03/2022,ETH,2622.15,2834.78,2835.94,2575.63,1.50B,-7.50%
3/03/2022,ETH,2834.91,2947.03,2967.90,2789.87,521.36K,-3.81%
2/03/2022,ETH,2947.14,2975.80,3041.84,2914.70,740.37K,-0.96%
1/03/2022,ETH,2975.81,2922.44,3036.59,2858.54,828.62K,1.82%
28/02/2022,ETH,2922.50,2616.34,2949.44,2574.12,899.19K,11.70%
27/02/2022,ETH,2616.34,2779.55,2834.61,2562.94,804.74K,-5.78%
26/02/2022,ETH,2776.96,2767.58,2856.01,2734.56,520.44K,0.34%
25/02/2022,ETH,2767.53,2596.52,2830.31,2573.39,828.87K,6.59%
24/02/2022,ETH,2596.52,2578.54,2732.02,2303.07,1.85M,0.71%
23/02/2022,ETH,2578.15,2637.38,2749.80,2578.15,636.50K,-2.20%
22/02/2022,ETH,2636.13,2569.19,2663.01,2501.40,841.13K,2.58%
21/02/2022,ETH,2569.87,2619.32,2755.58,2560.24,996.71K,-1.89%
20/02/2022,ETH,2619.32,2763.97,2764.46,2577.52,508.49K,-5.23%
19/02/2022,ETH,2763.81,2779.44,2829.20,2699.70,377.08K,-0.57%
18/02/2022,ETH,2779.56,2893.78,2943.14,2754.15,623.19K,-3.96%
17/02/2022,ETH,2894.03,3122.33,3159.83,2855.66,661.98K,-7.21%
16/02/2022,ETH,3118.90,3182.32,3184.88,3045.92,416.70K,-1.99%
15/02/2022,ETH,3182.27,2929.29,3193.18,2912.61,540.04K,8.64%
14/02/2022,ETH,2929.31,2871.06,2963.70,2834.13,477.24K,2.06%
13/02/2022,ETH,2870.25,2917.16,2952.94,2838.29,303.12K,-1.61%
12/02/2022,ETH,2917.10,2927.64,2984.72,2858.85,433.29K,-0.36%
11/02/2022,ETH,2927.63,3071.80,3136.33,2880.60,607.93K,-4.69%
10/02/2022,ETH,3071.83,3243.73,3277.36,3058.59,742.54K,-5.30%
9/02/2022,ETH,3243.62,3115.91,3266.41,3055.95,477.82K,4.10%
8/02/2022,ETH,3115.88,3139.65,3228.86,3029.70,664.45K,-0.77%
7/02/2022,ETH,3140.18,3056.29,3185.77,2995.59,568.42K,2.75%
6/02/2022,ETH,3056.20,3013.75,3073.23,2957.16,316.58K,1.41%
5/02/2022,ETH,3013.81,2994.74,3058.88,2963.11,473.62K,0.63%
4/02/2022,ETH,2994.99,2692.80,2994.99,2671.72,908.75K,11.22%
3/02/2022,ETH,2692.80,2680.66,2723.97,2579.80,549.27K,0.44%
2/02/2022,ETH,2681.00,2787.16,2809.57,2618.07,602.40K,-3.81%
1/02/2022,ETH,2787.16,2686.82,2808.60,2676.32,521.74K,3.73%
31/01/2022,ETH,2686.82,2602.71,2704.64,2478.85,601.73K,3.23%
30/01/2022,ETH,2602.77,2600.12,2636.04,2543.99,381.84K,0.11%
29/01/2022,ETH,2600.02,2545.95,2632.51,2520.14,484.18K,2.12%
28/01/2022,ETH,2545.95,2424.66,2556.34,2362.53,634.50K,5.00%
27/01/2022,ETH,2424.66,2462.25,2515.19,2317.30,774.54K,-1.49%
26/01/2022,ETH,2461.41,2458.07,2719.32,2405.66,1.05M,0.14%
25/01/2022,ETH,2458.07,2441.01,2504.32,2352.36,656.03K,0.70%
24/01/2022,ETH,2441.01,2540.81,2540.81,2161.55,1.56M,-3.93%
23/01/2022,ETH,2540.81,2412.52,2547.19,2373.85,766.83K,5.32%
22/01/2022,ETH,2412.52,2570.67,2621.21,2311.80,1.48M,-6.17%
21/01/2022,ETH,2571.29,3000.21,3032.69,2471.80,1.42M,-14.43%
20/01/2022,ETH,3004.72,3084.48,3270.71,2989.19,481.08K,-2.56%
19/01/2022,ETH,3083.65,3160.15,3173.63,3049.30,459.81K,-2.42%
18/01/2022,ETH,3160.15,3209.43,3242.47,3084.48,399.19K,-1.53%
17/01/2022,ETH,3209.35,3346.63,3356.45,3142.40,375.28K,-4.10%
16/01/2022,ETH,3346.59,3326.50,3388.22,3276.44,295.68K,0.57%
15/01/2022,ETH,3327.74,3307.84,3369.95,3265.41,292.10K,0.60%
14/01/2022,ETH,3307.90,3241.95,3341.24,3195.65,415.18K,2.16%
13/01/2022,ETH,3238.03,3370.87,3407.98,3234.97,462.81K,-3.94%
12/01/2022,ETH,3370.89,3238.22,3406.79,3208.00,530.96K,4.11%
11/01/2022,ETH,3237.89,3084.64,3262.78,3053.40,505.21K,4.94%
10/01/2022,ETH,3085.43,3150.27,3179.96,2931.68,804.38K,-2.06%
9/01/2022,ETH,3150.30,3079.89,3210.34,3060.47,415.87K,2.28%
8/01/2022,ETH,3080.02,3198.14,3244.46,3001.76,566.06K,-3.61%
7/01/2022,ETH,3195.31,3407.22,3413.26,3077.30,979.25K,-6.23%
6/01/2022,ETH,3407.77,3536.15,3550.19,3306.14,701.89K,-3.62%
5/01/2022,ETH,3535.86,3784.47,3846.44,3418.46,582.71K,-6.69%
4/01/2022,ETH,3789.52,3764.62,3889.07,3715.24,415.81K,0.67%
3/01/2022,ETH,3764.24,3830.70,3849.50,3682.48,338.51K,-1.73%
2/01/2022,ETH,3830.67,3765.67,3851.16,3718.33,242.55K,1.73%
1/01/2022,ETH,3765.67,3677.69,3775.20,3675.75,239.54K,2.39%
31/12/2021,ETH,3677.85,3709.38,3812.01,3623.74,405.65K,-0.85%
30/12/2021,ETH,3709.57,3629.33,3767.93,3589.64,355.72K,2.25%
29/12/2021,ETH,3627.93,3792.95,3825.97,3607.20,456.03K,-4.32%
28/12/2021,ETH,3791.69,4036.86,4036.86,3760.86,527.23K,-6.06%
27/12/2021,ETH,4036.24,4062.02,4125.22,4033.04,313.32K,-0.62%
26/12/2021,ETH,4061.27,4093.38,4104.23,4005.38,283.58K,-0.78%
25/12/2021,ETH,4093.14,4043.60,4136.03,4024.87,308.53K,1.23%
24/12/2021,ETH,4043.39,4110.20,4133.77,4024.24,353.85K,-1.62%
23/12/2021,ETH,4110.14,3979.57,4149.17,3895.89,573.18K,3.28%
22/12/2021,ETH,3979.54,4016.25,4072.40,3944.15,426.43K,-0.92%
21/12/2021,ETH,4016.59,3944.03,4058.76,3915.56,496.71K,1.98%
20/12/2021,ETH,3938.80,3925.46,3978.66,3757.42,531.11K,0.34%
19/12/2021,ETH,3925.34,3959.90,4025.36,3890.90,442.49K,-0.87%
18/12/2021,ETH,3959.83,3878.20,3993.05,3769.91,475.86K,2.10%
17/12/2021,ETH,3878.29,3957.12,3993.87,3702.33,654.90K,-1.98%
16/12/2021,ETH,3956.62,4019.57,4108.24,3955.46,512.12K,-1.56%
15/12/2021,ETH,4019.24,3860.51,4090.15,3649.69,821.22K,4.08%
14/12/2021,ETH,3861.55,3782.12,3879.43,3690.06,577.61K,2.11%
13/12/2021,ETH,3781.94,4131.47,4141.27,3673.19,891.67K,-8.47%
12/12/2021,ETH,4131.78,4078.17,4173.21,3988.29,360.45K,1.38%
11/12/2021,ETH,4075.66,3903.52,4094.92,3836.92,581.26K,4.41%
10/12/2021,ETH,3903.48,4107.20,4226.79,3894.03,798.12K,-4.97%
9/12/2021,ETH,4107.69,4435.74,4482.89,4078.14,642.17K,-7.40%
8/12/2021,ETH,4435.74,4307.08,4449.69,4229.63,574.33K,2.99%
7/12/2021,ETH,4307.08,4351.36,4424.20,4259.45,550.78K,-1.06%
6/12/2021,ETH,4353.31,4194.95,4373.23,3922.65,993.79K,3.78%
5/12/2021,ETH,4194.80,4118.27,4247.38,4036.00,707.69K,1.73%
4/12/2021,ETH,4123.46,4219.30,4237.56,3533.02,1.52M,-2.27%
3/12/2021,ETH,4219.30,4512.90,4646.73,4047.07,942.77K,-6.51%
2/12/2021,ETH,4512.90,4583.28,4629.75,4437.53,608.07K,-1.54%
1/12/2021,ETH,4583.28,4628.72,4778.14,4525.33,669.18K,-0.99%
30/11/2021,ETH,4628.90,4443.22,4749.12,4349.21,973.46K,4.18%
29/11/2021,ETH,4443.22,4296.98,4456.82,4280.18,532.66K,3.40%
28/11/2021,ETH,4296.98,4095.16,4297.63,3980.24,487.53K,4.94%
27/11/2021,ETH,4094.80,4037.06,4183.02,4029.06,370.73K,1.49%
26/11/2021,ETH,4034.53,4520.30,4548.10,3917.43,1.00M,-10.75%
25/11/2021,ETH,4520.30,4270.73,4549.74,4248.90,578.65K,5.77%
24/11/2021,ETH,4273.54,4340.23,4372.83,4172.19,595.96K,-1.54%
23/11/2021,ETH,4340.23,4086.73,4384.75,4064.17,684.35K,6.20%
22/11/2021,ETH,4086.95,4268.07,4311.46,4026.75,717.08K,-4.24%
21/11/2021,ETH,4268.08,4409.02,4422.60,4246.20,446.23K,-3.19%
20/11/2021,ETH,4408.85,4295.27,4434.27,4206.75,462.99K,2.64%
19/11/2021,ETH,4295.43,3996.29,4305.41,3978.08,571.96K,7.34%
18/11/2021,ETH,4001.87,4290.31,4342.74,3958.44,792.38K,-6.74%
17/11/2021,ETH,4290.88,4208.29,4298.30,4071.01,664.94K,1.97%
16/11/2021,ETH,4208.16,4562.97,4562.97,4115.31,1.12M,-7.78%
15/11/2021,ETH,4562.98,4625.71,4769.38,4543.47,495.96K,-1.35%
14/11/2021,ETH,4625.59,4644.40,4692.76,4514.95,340.96K,-0.41%
13/11/2021,ETH,4644.61,4665.76,4705.02,4585.37,290.27K,-0.49%
12/11/2021,ETH,4667.31,4720.50,4807.16,4511.96,634.59K,-1.13%
11/11/2021,ETH,4720.87,4633.98,4778.17,4578.66,418.61K,1.87%
10/11/2021,ETH,4634.03,4731.83,4864.06,4498.78,761.90K,-2.07%
9/11/2021,ETH,4731.83,4808.34,4836.69,4715.43,437.41K,-1.59%
8/11/2021,ETH,4808.38,4612.05,4822.97,4612.05,673.21K,4.26%
7/11/2021,ETH,4612.06,4517.27,4634.39,4502.70,337.81K,2.10%
6/11/2021,ETH,4517.36,4475.00,4526.75,4330.29,442.60K,0.95%
5/11/2021,ETH,4475.00,4534.96,4569.31,4439.67,409.75K,-1.33%
4/11/2021,ETH,4535.11,4601.93,4604.83,4421.87,495.86K,-1.46%
3/11/2021,ETH,4602.21,4586.96,4661.88,4458.87,634.68K,0.35%
2/11/2021,ETH,4586.06,4320.85,4598.38,4287.36,630.26K,6.14%
1/11/2021,ETH,4320.85,4287.41,4376.94,4157.51,574.26K,0.78%
31/10/2021,ETH,4287.56,4322.00,4393.61,4169.48,555.32K,-0.77%
30/10/2021,ETH,4320.65,4413.70,4428.41,4250.24,494.87K,-2.11%
29/10/2021,ETH,4413.70,4284.90,4458.30,4268.21,781.57K,3.01%
28/10/2021,ETH,4284.90,3921.54,4289.80,3896.33,865.80K,9.25%
27/10/2021,ETH,3921.93,4130.06,4299.61,3914.06,1.07M,-5.03%
26/10/2021,ETH,4129.51,4219.92,4291.98,4098.19,559.29K,-2.14%
25/10/2021,ETH,4219.92,4082.68,4234.76,4069.94,481.41K,3.36%
24/10/2021,ETH,4082.80,4168.80,4184.00,3965.84,507.63K,-2.06%
23/10/2021,ETH,4168.85,3970.94,4169.33,3938.79,487.03K,4.98%
22/10/2021,ETH,3970.94,4053.89,4164.11,3896.40,654.77K,-2.05%
21/10/2021,ETH,4054.16,4160.51,4366.91,4029.48,1.14M,-2.54%
20/10/2021,ETH,4159.89,3876.76,4168.12,3830.26,752.03K,7.30%
19/10/2021,ETH,3876.78,3745.46,3884.34,3733.78,488.60K,3.45%
18/10/2021,ETH,3747.60,3848.64,3892.01,3685.82,578.21K,-2.55%
17/10/2021,ETH,3845.47,3827.55,3917.56,3664.63,543.52K,0.47%
16/10/2021,ETH,3827.55,3869.05,3967.43,3804.55,527.61K,-1.02%
15/10/2021,ETH,3866.90,3790.34,3904.91,3735.21,721.14K,2.02%
14/10/2021,ETH,3790.41,3607.36,3820.47,3588.24,697.09K,5.08%
13/10/2021,ETH,3607.28,3491.08,3612.04,3416.00,557.18K,3.36%
12/10/2021,ETH,3489.90,3541.49,3545.35,3404.49,609.89K,-1.56%
11/10/2021,ETH,3545.06,3414.93,3622.53,3381.43,683.24K,3.81%
10/10/2021,ETH,3415.03,3574.52,3599.18,3409.22,767.49K,-4.45%
9/10/2021,ETH,3574.20,3559.96,3626.11,3541.40,464.11K,0.42%
8/10/2021,ETH,3559.42,3586.91,3668.35,3537.24,681.74K,-0.74%
7/10/2021,ETH,3586.00,3575.43,3650.18,3473.47,826.29K,0.30%
6/10/2021,ETH,3575.41,3515.35,3627.19,3345.56,1.05M,1.65%
5/10/2021,ETH,3517.26,3383.32,3540.83,3365.28,663.88K,3.97%
4/10/2021,ETH,3382.90,3417.26,3436.34,3273.22,826.83K,-1.01%
3/10/2021,ETH,3417.34,3388.83,3485.48,3346.63,642.59K,0.84%
2/10/2021,ETH,3388.97,3309.14,3467.95,3265.97,778.15K,2.41%
1/10/2021,ETH,3309.13,2999.86,3329.32,2972.75,1.14M,10.28%
30/09/2021,ETH,3000.59,2851.06,3047.08,2837.68,968.23K,5.23%
29/09/2021,ETH,2851.50,2807.15,2948.50,2784.66,728.86K,1.57%
28/09/2021,ETH,2807.28,2926.04,2969.18,2791.42,896.28K,-4.07%
27/09/2021,ETH,2926.24,3061.86,3163.86,2926.24,865.30K,-4.48%
26/09/2021,ETH,3063.51,2922.47,3113.65,2740.12,1.33M,4.82%
25/09/2021,ETH,2922.55,2928.59,2965.48,2812.70,975.49K,-0.21%
24/09/2021,ETH,2928.57,3152.92,3158.38,2740.06,1.74M,-7.12%
23/09/2021,ETH,3152.92,3077.80,3173.00,3035.96,841.54K,2.44%
22/09/2021,ETH,3077.78,2764.71,3087.97,2740.58,1.19M,11.45%
21/09/2021,ETH,2761.52,2976.70,3101.88,2659.71,1.79M,-7.21%
20/09/2021,ETH,2976.05,3328.49,3344.04,2931.64,1.72M,-10.61%
19/09/2021,ETH,3329.12,3435.92,3455.67,3282.85,614.00K,-3.11%
18/09/2021,ETH,3435.97,3398.55,3539.50,3371.33,600.19K,1.10%
17/09/2021,ETH,3398.65,3569.92,3592.20,3352.32,748.10K,-4.78%
16/09/2021,ETH,3569.43,3612.23,3672.68,3488.53,195.79K,-1.18%
15/09/2021,ETH,3611.90,3430.36,3612.29,3361.63,790.27K,5.34%
14/09/2021,ETH,3428.87,3284.65,3428.87,3270.91,720.34K,4.39%
13/09/2021,ETH,3284.52,3408.17,3429.24,3118.66,1.34M,-3.63%
12/09/2021,ETH,3408.28,3267.33,3469.50,3231.87,805.97K,4.31%
11/09/2021,ETH,3267.33,3209.37,3345.37,3202.41,732.95K,1.87%
10/09/2021,ETH,3207.27,3423.87,3512.90,3156.28,1.21M,-6.32%
9/09/2021,ETH,3423.51,3498.92,3564.30,3395.94,1.09M,-2.05%
8/09/2021,ETH,3495.10,3424.35,3557.67,3221.60,780.68K,2.10%
7/09/2021,ETH,3423.12,3926.84,3945.79,3061.30,2.47M,-12.84%
6/09/2021,ETH,3927.21,3950.20,3968.20,3867.55,764.56K,-0.59%
5/09/2021,ETH,3950.62,3885.40,3981.22,3834.74,714.16K,1.69%
4/09/2021,ETH,3884.97,3938.45,3968.33,3844.07,672.53K,-1.30%
3/09/2021,ETH,3936.29,3785.85,4024.89,3715.97,1.20M,3.96%
2/09/2021,ETH,3786.19,3826.90,3833.89,3723.42,928.70K,-1.21%
1/09/2021,ETH,3832.73,3429.65,3839.91,3384.82,1.48M,11.72%
31/08/2021,ETH,3430.74,3228.23,3467.42,3191.34,1.52M,6.36%
30/08/2021,ETH,3225.67,3222.43,3345.72,3145.53,966.58K,0.11%
29/08/2021,ETH,3222.16,3243.96,3282.21,3155.31,643.73K,-0.67%
28/08/2021,ETH,3243.90,3273.78,3284.58,3212.24,466.21K,-0.91%
27/08/2021,ETH,3273.58,3093.78,3279.93,3063.37,839.54K,5.82%
26/08/2021,ETH,3093.54,3228.03,3249.62,3057.48,118.44K,-4.17%
25/08/2021,ETH,3228.15,3172.12,3247.43,3080.70,923.13K,1.73%
24/08/2021,ETH,3173.26,3322.60,3357.99,3150.75,988.82K,-4.41%
23/08/2021,ETH,3319.49,3238.41,3375.42,3231.96,1.09M,2.49%
22/08/2021,ETH,3238.70,3224.17,3271.94,3128.98,747.65K,0.46%
21/08/2021,ETH,3223.96,3285.12,3307.33,3200.19,768.74K,-1.83%
20/08/2021,ETH,3284.21,3184.83,3300.36,3179.18,739.32K,3.12%
19/08/2021,ETH,3184.82,3016.92,3185.51,2962.04,844.13K,5.57%
18/08/2021,ETH,3016.91,3012.62,3124.51,2951.04,750.74K,0.08%
17/08/2021,ETH,3014.58,3147.67,3290.03,2993.63,1.06M,-4.23%
16/08/2021,ETH,3147.65,3307.96,3334.22,3138.37,859.09K,-4.87%
15/08/2021,ETH,3308.87,3264.56,3318.61,3115.34,782.81K,1.35%
14/08/2021,ETH,3264.69,3322.25,3328.38,3209.45,658.60K,-1.74%
13/08/2021,ETH,3322.43,3043.20,3324.53,3035.52,795.54K,9.16%
12/08/2021,ETH,3043.61,3160.17,3236.28,2981.35,965.63K,-3.79%
11/08/2021,ETH,3163.66,3140.86,3269.70,3122.67,950.12K,0.73%
10/08/2021,ETH,3140.71,3162.81,3232.02,3057.84,1.12M,-0.70%
9/08/2021,ETH,3162.93,3011.88,3184.84,2899.24,1.44M,5.01%
8/08/2021,ETH,3012.07,3158.30,3188.49,2949.66,1.25M,-4.62%
7/08/2021,ETH,3158.00,2889.58,3169.74,2867.58,64.84K,9.29%
6/08/2021,ETH,2889.43,2827.23,2946.62,2726.04,1.06M,2.20%
5/08/2021,ETH,2827.21,2725.28,2842.95,2533.51,1.65M,3.74%
4/08/2021,ETH,2725.29,2506.50,2766.46,2462.32,1.23M,8.72%
3/08/2021,ETH,2506.65,2608.01,2631.43,2445.49,158.45K,-3.89%
2/08/2021,ETH,2608.04,2556.07,2664.73,2513.51,970.67K,2.03%
1/08/2021,ETH,2556.23,2530.94,2696.38,2515.26,1.20M,0.95%
31/07/2021,ETH,2532.19,2461.08,2551.68,2421.70,507.08K,2.89%
30/07/2021,ETH,2460.95,2380.59,2467.40,2320.80,1.03M,3.36%
29/07/2021,ETH,2380.93,2299.46,2397.71,2269.15,642.75K,3.56%
28/07/2021,ETH,2299.11,2300.21,2343.49,2246.23,968.94K,-0.05%
27/07/2021,ETH,2300.22,2230.24,2318.68,2152.92,1.25M,3.17%
26/07/2021,ETH,2229.53,2189.74,2430.01,2174.44,1.89M,1.81%
25/07/2021,ETH,2189.79,2166.98,2195.03,2108.74,786.94K,1.76%
24/07/2021,ETH,2151.85,2124.00,2162.29,2106.71,907.11K,1.33%
23/07/2021,ETH,2123.61,2024.51,2129.66,2000.27,961.67K,4.89%
22/07/2021,ETH,2024.58,1994.61,2043.26,1952.31,1.02M,1.51%
21/07/2021,ETH,1994.49,1786.18,2029.51,1758.64,1.51M,11.67%
20/07/2021,ETH,1786.07,1818.07,1840.36,1720.70,1.20M,-1.76%
19/07/2021,ETH,1818.07,1891.43,1915.15,1807.19,802.78K,-3.93%
18/07/2021,ETH,1892.42,1898.01,1988.24,1881.60,829.77K,-0.29%
17/07/2021,ETH,1897.98,1877.00,1917.80,1851.97,623.52K,1.05%
16/07/2021,ETH,1878.20,1917.21,1960.21,1852.42,619.62K,-2.03%
15/07/2021,ETH,1917.21,1994.73,2038.91,1884.81,645.06K,-3.88%
14/07/2021,ETH,1994.64,1940.48,2017.99,1868.45,1.05M,2.78%
13/07/2021,ETH,1940.72,2035.09,2042.61,1920.62,717.85K,-4.64%
12/07/2021,ETH,2035.09,2139.44,2167.60,2008.66,540.10K,-4.87%
11/07/2021,ETH,2139.35,2110.90,2173.34,2081.62,724.84K,1.34%
10/07/2021,ETH,2111.12,2146.15,2191.30,2078.43,929.32K,-1.62%
9/07/2021,ETH,2145.89,2120.05,2185.62,2066.09,1.42M,1.21%
8/07/2021,ETH,2120.22,2316.21,2322.47,2095.92,1.82M,-8.48%
7/07/2021,ETH,2316.57,2322.74,2402.68,2296.43,1.32M,-0.26%
6/07/2021,ETH,2322.72,2196.25,2347.47,2194.20,1.78M,5.76%
5/07/2021,ETH,2196.16,2322.60,2322.60,2163.09,822.95K,-5.47%
4/07/2021,ETH,2323.22,2224.70,2386.20,2222.95,1.39M,4.43%
3/07/2021,ETH,2224.70,2154.53,2236.97,2115.80,1.28M,3.25%
2/07/2021,ETH,2154.78,2108.58,2158.70,2019.75,1.39M,2.17%
1/07/2021,ETH,2109.11,2274.50,2274.63,2077.56,1.71M,-7.24%
30/06/2021,ETH,2273.84,2158.32,2281.55,2090.61,1.90M,5.33%
29/06/2021,ETH,2158.71,2083.48,2241.86,2076.17,898.06K,3.63%
28/06/2021,ETH,2083.09,1981.24,2142.84,1962.89,2.19M,5.21%
27/06/2021,ETH,1979.88,1830.42,1980.70,1808.59,1.87M,8.15%
26/06/2021,ETH,1830.62,1810.53,1850.40,1719.32,1.99M,1.11%
25/06/2021,ETH,1810.57,1989.77,2017.47,1793.47,1.65M,-8.98%
24/06/2021,ETH,1989.14,1968.76,2033.96,1886.74,1.64M,1.05%
23/06/2021,ETH,1968.39,1877.28,2043.10,1823.57,1.77M,4.89%
22/06/2021,ETH,1876.66,1890.95,1994.32,1707.24,2.84M,-0.77%
21/06/2021,ETH,1891.18,2244.25,2257.86,1868.32,2.69M,-15.72%
20/06/2021,ETH,2243.86,2166.30,2276.83,2045.03,1.42M,3.55%
19/06/2021,ETH,2166.91,2229.53,2276.70,2164.14,1.08M,-2.81%
18/06/2021,ETH,2229.53,2372.10,2376.62,2142.74,778.79K,-5.99%
17/06/2021,ETH,2371.62,2367.78,2459.11,2309.08,1.06M,0.18%
16/06/2021,ETH,2367.28,2544.35,2552.12,2353.24,1.37M,-6.94%
15/06/2021,ETH,2543.83,2581.42,2637.90,2512.39,1.95M,-1.46%
14/06/2021,ETH,2581.48,2508.49,2606.91,2467.61,1.79M,2.92%
13/06/2021,ETH,2508.27,2368.68,2547.90,2311.96,1.62M,5.90%
12/06/2021,ETH,2368.47,2351.45,2448.04,2260.80,1.80M,0.72%
11/06/2021,ETH,2351.45,2470.04,2493.48,2324.21,587.18K,-4.80%
10/06/2021,ETH,2469.97,2607.45,2615.46,2432.41,1.29M,-5.23%
9/06/2021,ETH,2606.23,2507.86,2620.74,2408.37,2.32M,3.81%
8/06/2021,ETH,2510.65,2592.12,2618.70,2320.64,75.18K,-3.16%
7/06/2021,ETH,2592.63,2713.52,2842.88,2581.24,3.01M,-4.46%
6/06/2021,ETH,2713.66,2628.43,2743.53,2614.48,756.36K,3.22%
5/06/2021,ETH,2628.98,2688.75,2814.02,2555.98,2.55M,-2.14%
4/06/2021,ETH,2686.50,2856.63,2856.63,2557.71,2.47M,-5.85%
3/06/2021,ETH,2853.35,2705.05,2889.19,2666.39,1.09M,5.44%
2/06/2021,ETH,2706.10,2633.74,2801.00,2554.88,2.60M,2.75%
1/06/2021,ETH,2633.67,2707.94,2738.23,2529.73,2.45M,-2.76%
31/05/2021,ETH,2708.47,2386.93,2713.98,2279.42,2.83M,13.51%
30/05/2021,ETH,2386.10,2276.97,2465.84,2181.93,2.80M,4.83%
29/05/2021,ETH,2276.07,2411.68,2567.42,2207.21,2.94M,-5.73%
28/05/2021,ETH,2414.29,2742.39,2760.17,2332.43,3.26M,-11.75%
27/05/2021,ETH,2735.88,2885.02,2885.87,2638.62,2.39M,-5.16%
26/05/2021,ETH,2884.66,2705.69,2908.37,2648.10,2.66M,6.64%
25/05/2021,ETH,2705.09,2647.27,2747.49,2388.81,3.28M,2.20%
24/05/2021,ETH,2646.79,2101.30,2667.20,2080.87,3.24M,25.96%
23/05/2021,ETH,2101.34,2292.68,2379.89,1739.91,3.52M,-8.30%
22/05/2021,ETH,2291.60,2433.09,2481.06,2162.84,2.82M,-5.82%
21/05/2021,ETH,2433.11,2766.88,2931.66,2111.42,4.23M,-12.40%
20/05/2021,ETH,2777.55,2436.59,2988.52,2163.40,4.33M,14.04%
19/05/2021,ETH,2435.69,3376.22,3434.01,1922.25,6.42M,-27.89%
18/05/2021,ETH,3377.55,3280.50,3558.57,3244.93,2.30M,2.98%
17/05/2021,ETH,3279.68,3582.19,3582.27,3130.12,2.85M,-8.44%
16/05/2021,ETH,3582.12,3643.67,3877.20,3351.92,2.28M,-1.63%
15/05/2021,ETH,3641.65,4074.57,4129.99,3639.12,1.94M,-10.64%
14/05/2021,ETH,4075.38,3719.46,4171.76,3694.54,2.06M,9.56%
13/05/2021,ETH,3719.62,3807.50,4031.99,3539.96,3.21M,-2.42%
12/05/2021,ETH,3811.77,4173.61,4366.10,3794.15,2.78M,-8.54%
11/05/2021,ETH,4167.78,3948.66,4177.53,3781.86,1.27M,5.57%
10/05/2021,ETH,3947.90,3923.48,4203.98,3669.84,2.70M,0.65%
9/05/2021,ETH,3922.23,3905.69,3979.77,3734.44,1.94M,0.43%
8/05/2021,ETH,3905.55,3479.81,3952.88,3453.37,1.34M,12.19%
7/05/2021,ETH,3481.22,3490.83,3583.34,3363.56,1.35M,-0.24%
6/05/2021,ETH,3489.52,3522.74,3601.59,3380.60,1.51M,-0.94%
5/05/2021,ETH,3522.76,3284.31,3540.78,3228.86,1.87M,7.18%
4/05/2021,ETH,3286.71,3429.48,3516.34,3188.90,2.74M,-4.16%
3/05/2021,ETH,3429.37,2950.07,3451.44,2950.07,2.32M,16.24%
2/05/2021,ETH,2950.33,2945.04,2984.52,2854.12,1.30M,0.19%
1/05/2021,ETH,2944.66,2772.27,2951.74,2753.60,1.51M,6.20%
30/04/2021,ETH,2772.78,2757.02,2797.61,2726.03,1.52M,0.56%
29/04/2021,ETH,2757.36,2746.51,2797.52,2670.35,1.65M,0.39%
28/04/2021,ETH,2746.54,2665.83,2759.03,2562.74,1.74M,3.05%
27/04/2021,ETH,2665.24,2531.07,2677.95,2484.44,1.45M,5.22%
26/04/2021,ETH,2533.12,2320.63,2539.80,2305.97,1.79M,9.35%
25/04/2021,ETH,2316.48,2217.23,2355.20,2169.91,1.02M,4.54%
24/04/2021,ETH,2215.93,2367.35,2367.46,2159.60,1.61M,-6.39%
23/04/2021,ETH,2367.31,2398.95,2440.21,2119.26,3.46M,-1.41%
22/04/2021,ETH,2401.10,2360.32,2642.99,2313.46,3.17M,1.71%
21/04/2021,ETH,2360.81,2331.84,2467.51,2238.15,2.10M,1.23%
20/04/2021,ETH,2332.14,2161.06,2345.18,2058.00,1.86M,7.94%
19/04/2021,ETH,2160.63,2236.10,2275.87,2081.30,1.90M,-3.42%
18/04/2021,ETH,2237.17,2317.88,2338.53,1948.93,2.76M,-3.50%
17/04/2021,ETH,2318.33,2424.12,2493.93,2314.12,1.73M,-4.33%
16/04/2021,ETH,2423.18,2514.55,2544.54,2302.30,2.08M,-3.62%
15/04/2021,ETH,2514.22,2432.90,2541.90,2402.75,1.91M,3.40%
14/04/2021,ETH,2431.56,2299.25,2445.40,2281.49,2.11M,5.72%
13/04/2021,ETH,2299.93,2137.55,2315.47,2136.49,2.38M,7.58%
12/04/2021,ETH,2137.81,2150.79,2199.52,2103.73,2.16M,-0.63%
11/04/2021,ETH,2151.42,2133.89,2164.76,2114.55,1.97M,0.83%
10/04/2021,ETH,2133.79,2067.26,2197.73,2058.23,2.09M,3.23%
9/04/2021,ETH,2066.93,2080.20,2101.07,2050.39,2.47M,-0.62%
8/04/2021,ETH,2079.92,1962.44,2084.08,1951.83,1.73M,6.04%
7/04/2021,ETH,1961.46,2112.41,2128.25,1939.64,2.30M,-7.11%
6/04/2021,ETH,2111.53,2108.81,2150.78,2047.48,1.93M,0.24%
5/04/2021,ETH,2106.41,2076.14,2127.89,2004.05,2.31M,1.47%
4/04/2021,ETH,2075.94,2007.82,2091.31,1982.00,1.59M,3.35%
3/04/2021,ETH,2008.59,2134.66,2137.68,2004.40,2.01M,-5.90%
2/04/2021,ETH,2134.55,1968.12,2144.11,1949.99,2.47M,8.47%
1/04/2021,ETH,1967.96,1918.82,1983.84,1897.38,2.08M,2.61%
31/03/2021,ETH,1917.99,1841.01,1945.40,1774.66,2.59M,4.18%
30/03/2021,ETH,1841.01,1816.92,1857.65,1788.60,3.03M,1.34%
29/03/2021,ETH,1816.69,1686.88,1839.41,1678.38,1.94M,7.70%
28/03/2021,ETH,1686.80,1712.89,1724.74,1661.92,1.31M,-1.53%
27/03/2021,ETH,1713.01,1698.68,1731.73,1667.12,1.40M,0.85%
26/03/2021,ETH,1698.60,1586.36,1699.27,1586.28,1.64M,7.06%
25/03/2021,ETH,1586.54,1582.23,1621.32,1550.11,1.54M,0.26%
24/03/2021,ETH,1582.38,1668.42,1739.82,1546.48,1.88M,-5.13%
23/03/2021,ETH,1667.90,1681.50,1720.01,1654.14,1.46M,-0.86%
22/03/2021,ETH,1682.37,1783.58,1806.62,1659.28,1.58M,-5.68%
21/03/2021,ETH,1783.72,1804.60,1815.85,1748.47,1.43M,-1.16%
20/03/2021,ETH,1804.60,1809.09,1868.09,1801.60,27.03K,-0.28%
19/03/2021,ETH,1809.64,1775.87,1848.88,1735.42,1.20M,1.89%
18/03/2021,ETH,1776.08,1823.72,1849.23,1760.83,1.53M,-2.59%
17/03/2021,ETH,1823.35,1804.56,1837.88,1743.62,1.50M,1.03%
16/03/2021,ETH,1804.85,1792.08,1817.35,1715.97,1.81M,0.70%
15/03/2021,ETH,1792.38,1848.18,1890.59,1745.04,1.70M,-3.07%
14/03/2021,ETH,1849.06,1921.29,1932.36,1836.78,671.56K,-3.75%
13/03/2021,ETH,1921.13,1767.05,1943.36,1730.46,1.79M,8.73%
12/03/2021,ETH,1766.90,1827.44,1841.19,1723.18,1.52M,-3.23%
11/03/2021,ETH,1825.79,1794.28,1845.32,1729.05,1.58M,1.76%
10/03/2021,ETH,1794.14,1869.32,1875.98,1759.50,1.66M,-4.01%
9/03/2021,ETH,1869.10,1831.57,1869.10,1801.29,1.58M,2.05%
8/03/2021,ETH,1831.49,1727.17,1841.05,1665.54,1.97M,5.98%
7/03/2021,ETH,1728.10,1650.94,1732.84,1634.73,1.69M,4.78%
6/03/2021,ETH,1649.19,1530.24,1670.01,1514.62,2.07M,7.77%
5/03/2021,ETH,1530.29,1539.73,1548.71,1443.32,1.67M,-0.54%
4/03/2021,ETH,1538.61,1567.84,1623.73,1506.86,1.70M,-2.06%
3/03/2021,ETH,1571.05,1488.80,1653.04,1477.72,1.17M,5.54%
2/03/2021,ETH,1488.62,1570.00,1602.13,1457.22,1.74M,-5.18%
1/03/2021,ETH,1570.03,1418.91,1571.15,1411.55,1.92M,10.66%
28/02/2021,ETH,1418.76,1458.84,1467.76,1294.79,2.07M,-2.75%
27/02/2021,ETH,1458.93,1445.69,1527.69,1427.15,1.56M,0.93%
26/02/2021,ETH,1445.44,1476.77,1561.66,1403.30,2.13M,-2.08%
25/02/2021,ETH,1476.15,1623.76,1669.24,1460.92,1.75M,-9.09%
24/02/2021,ETH,1623.71,1578.27,1711.16,1505.79,2.19M,2.89%
23/02/2021,ETH,1578.11,1777.25,1781.44,1370.45,3.60M,-11.21%
22/02/2021,ETH,1777.28,1933.52,1935.04,1561.68,2.68M,-8.08%
21/02/2021,ETH,1933.45,1912.97,1974.99,1885.70,1.47M,1.02%
20/02/2021,ETH,1913.88,1955.54,2040.79,1800.00,2.29M,-2.13%
19/02/2021,ETH,1955.59,1934.17,1968.93,1892.70,1.78M,1.11%
18/02/2021,ETH,1934.16,1849.95,1950.04,1849.05,881.87K,4.66%
17/02/2021,ETH,1847.95,1781.44,1854.03,1734.15,1.69M,3.72%
16/02/2021,ETH,1781.69,1778.63,1827.07,1726.78,1.48M,0.16%
15/02/2021,ETH,1778.82,1800.60,1835.51,1661.09,1.94M,-1.27%
14/02/2021,ETH,1801.78,1815.44,1850.00,1787.11,1.43M,-0.76%
13/02/2021,ETH,1815.49,1840.90,1871.36,1766.05,1.44M,-1.39%
12/02/2021,ETH,1841.02,1786.74,1862.17,1741.04,1.75M,3.06%
11/02/2021,ETH,1786.35,1742.11,1817.68,1704.97,1.56M,2.54%
10/02/2021,ETH,1742.09,1770.81,1835.40,1683.52,2.01M,-1.61%
9/02/2021,ETH,1770.63,1750.19,1818.94,1711.40,1.94M,1.17%
8/02/2021,ETH,1750.18,1612.98,1775.12,1566.43,2.17M,8.50%
7/02/2021,ETH,1612.99,1676.62,1692.29,1491.68,1.94M,-3.80%
6/02/2021,ETH,1676.63,1719.11,1742.90,1648.03,1.78M,-2.48%
5/02/2021,ETH,1719.20,1593.91,1760.09,1589.28,1.80M,7.85%
4/02/2021,ETH,1594.00,1664.19,1693.64,1570.45,2.34M,-4.23%
3/02/2021,ETH,1664.34,1511.96,1667.93,1510.27,2.27M,10.12%
2/02/2021,ETH,1511.36,1373.31,1546.88,1361.63,2.73M,10.04%
1/02/2021,ETH,1373.40,1312.69,1376.44,1272.09,1.65M,4.62%
31/01/2021,ETH,1312.73,1377.05,1380.04,1282.41,1.54M,-4.67%
30/01/2021,ETH,1376.96,1379.78,1405.78,1327.66,1.59M,-0.17%
29/01/2021,ETH,1379.30,1329.16,1436.27,1288.26,3.33M,3.83%
28/01/2021,ETH,1328.47,1247.67,1359.51,1221.15,814.31K,6.48%
27/01/2021,ETH,1247.62,1366.14,1372.31,1210.40,2.90M,-8.68%
26/01/2021,ETH,1366.27,1317.67,1377.94,1246.45,2.56M,3.67%
25/01/2021,ETH,1317.90,1390.69,1474.68,1298.13,2.77M,-5.21%
24/01/2021,ETH,1390.28,1233.41,1398.00,1222.14,2.30M,12.72%
23/01/2021,ETH,1233.40,1234.34,1271.65,1196.94,1.46M,-0.10%
22/01/2021,ETH,1234.58,1118.01,1272.85,1045.02,2.94M,10.49%
21/01/2021,ETH,1117.33,1377.63,1387.39,1095.26,2.76M,-18.89%
20/01/2021,ETH,1377.53,1372.00,1406.56,1237.27,3.05M,0.40%
19/01/2021,ETH,1372.00,1258.10,1437.42,1252.36,2.27M,9.06%
18/01/2021,ETH,1258.06,1233.93,1260.30,1184.15,1.73M,2.06%
17/01/2021,ETH,1232.64,1228.33,1269.01,1168.39,2.15M,0.36%
16/01/2021,ETH,1228.27,1172.12,1290.92,1154.04,2.29M,4.83%
15/01/2021,ETH,1171.68,1233.34,1256.13,1079.19,2.85M,-4.44%
14/01/2021,ETH,1226.17,1128.80,1246.52,1088.52,1.55M,8.66%
13/01/2021,ETH,1128.46,1050.20,1134.66,990.96,2.25M,7.45%
12/01/2021,ETH,1050.19,1086.96,1149.19,1008.28,3.09M,-3.78%
11/01/2021,ETH,1091.47,1255.84,1257.30,917.96,4.19M,-13.10%
10/01/2021,ETH,1256.04,1275.87,1347.98,1180.45,2.65M,-1.53%
9/01/2021,ETH,1275.58,1215.92,1301.75,1172.39,1.99M,4.92%
8/01/2021,ETH,1215.73,1224.33,1271.08,1069.25,2.71M,-0.70%
7/01/2021,ETH,1224.35,1208.71,1286.81,1153.09,2.71M,1.37%
6/01/2021,ETH,1207.77,1099.77,1210.78,1060.67,3.75M,9.85%
5/01/2021,ETH,1099.52,1042.48,1131.56,976.91,3.25M,5.48%
4/01/2021,ETH,1042.40,977.76,1158.27,894.24,5.19M,6.92%
3/01/2021,ETH,974.97,774.54,1008.49,769.57,4.02M,25.88%
2/01/2021,ETH,774.50,729.00,787.26,715.15,2.25M,6.22%
1/01/2021,ETH,729.12,735.87,748.96,715.74,1.64M,-0.93%
31/12/2020,ETH,735.94,751.92,755.13,724.67,1.04M,-2.11%
30/12/2020,ETH,751.80,732.04,757.11,720.21,1.86M,2.74%
29/12/2020,ETH,731.76,730.26,739.77,690.24,1.82M,0.23%
28/12/2020,ETH,730.05,683.76,747.86,682.47,2.75M,6.78%
27/12/2020,ETH,683.71,636.35,715.46,627.12,2.31M,7.40%
26/12/2020,ETH,636.58,626.99,652.36,616.04,1.94M,1.54%
25/12/2020,ETH,626.93,612.38,633.90,605.01,1.70M,2.38%
24/12/2020,ETH,612.34,585.47,614.92,566.15,1.72M,4.55%
23/12/2020,ETH,585.69,637.04,638.11,554.09,2.20M,-8.12%
22/12/2020,ETH,637.47,607.86,637.47,588.24,2.12M,4.87%
21/12/2020,ETH,607.85,638.28,647.87,599.97,1.88M,-4.77%
20/12/2020,ETH,638.26,657.79,661.04,622.39,2.11M,-3.02%
19/12/2020,ETH,658.17,654.08,669.54,645.91,2.17M,0.66%
18/12/2020,ETH,653.85,643.28,664.26,630.44,2.63M,1.66%
17/12/2020,ETH,643.17,637.29,675.68,627.36,3.67M,0.91%
16/12/2020,ETH,637.38,588.81,638.18,580.90,3.11M,8.23%
15/12/2020,ETH,588.91,586.22,596.97,579.95,1.74M,0.46%
14/12/2020,ETH,586.19,590.66,591.41,576.01,1.78M,-0.83%
13/12/2020,ETH,591.09,568.07,594.83,563.37,2.03M,4.10%
12/12/2020,ETH,567.78,544.16,573.59,543.90,1.62M,4.34%
11/12/2020,ETH,544.17,558.15,560.28,536.43,30.17M,-2.50%
10/12/2020,ETH,558.13,573.28,575.56,548.99,19.60M,-2.63%
9/12/2020,ETH,573.21,554.95,577.94,530.88,9.10M,3.27%
8/12/2020,ETH,555.05,591.03,594.78,551.08,8.11M,-6.10%
7/12/2020,ETH,591.09,601.54,603.06,584.53,7.72M,-1.76%
6/12/2020,ETH,601.68,596.61,606.90,583.67,13.14M,0.84%
5/12/2020,ETH,596.68,567.84,596.73,561.24,30.83M,5.07%
4/12/2020,ETH,567.91,616.33,619.61,566.34,48.95M,-7.85%
3/12/2020,ETH,616.32,597.94,622.10,587.15,24.00M,3.06%
2/12/2020,ETH,598.05,585.69,604.34,575.24,16.21M,2.12%
1/12/2020,ETH,585.66,616.78,635.66,567.79,49.42M,-4.91%
30/11/2020,ETH,615.92,575.35,615.97,571.04,51.72M,7.03%
29/11/2020,ETH,575.45,537.89,576.52,530.71,5.79M,7.01%
28/11/2020,ETH,537.74,518.70,547.94,506.97,5.34M,3.79%
27/11/2020,ETH,518.11,519.69,530.41,494.65,6.42M,-0.23%
26/11/2020,ETH,519.32,569.69,577.08,484.03,13.11M,-8.84%
25/11/2020,ETH,569.67,605.01,605.63,555.32,14.50M,-5.84%
24/11/2020,ETH,605.03,609.20,621.70,589.56,41.11M,-0.69%
23/11/2020,ETH,609.22,559.37,610.33,551.80,49.68M,8.91%
22/11/2020,ETH,559.40,551.90,580.00,514.44,36.76M,1.36%
21/11/2020,ETH,551.91,509.94,552.13,505.14,26.86M,8.22%
20/11/2020,ETH,509.98,471.27,513.06,471.06,30.85M,8.23%
19/11/2020,ETH,471.21,478.55,480.55,465.41,12.53M,-1.53%
18/11/2020,ETH,478.52,482.05,495.04,459.92,18.19M,-0.71%
17/11/2020,ETH,481.95,460.37,484.59,459.74,7.93M,4.67%
16/11/2020,ETH,460.43,448.18,465.97,445.82,5.62M,2.72%
15/11/2020,ETH,448.23,460.75,462.93,440.44,9.34M,-2.71%
14/11/2020,ETH,460.70,476.38,477.34,452.60,9.17M,-3.27%
13/11/2020,ETH,476.29,462.61,477.78,457.65,9.85M,2.97%
12/11/2020,ETH,462.56,463.33,469.57,452.44,9.33M,-0.17%
11/11/2020,ETH,463.33,450.26,476.08,449.51,15.13M,2.91%
10/11/2020,ETH,450.22,444.38,454.43,439.50,20.76M,1.33%
9/11/2020,ETH,444.33,454.55,458.51,434.95,28.85M,-2.28%
8/11/2020,ETH,454.68,435.39,460.09,432.44,4.82M,4.43%
7/11/2020,ETH,435.40,455.78,467.88,425.57,7.78M,-4.46%
6/11/2020,ETH,455.72,416.59,457.79,415.08,6.53M,9.38%
5/11/2020,ETH,416.63,402.50,419.94,396.46,7.04M,3.59%
4/11/2020,ETH,402.19,388.23,407.90,377.22,6.17M,3.68%
3/11/2020,ETH,387.92,383.64,389.98,370.96,6.73M,1.14%
2/11/2020,ETH,383.53,396.45,404.04,379.13,9.43M,-3.22%
1/11/2020,ETH,396.29,386.36,397.32,384.94,5.52M,2.55%
31/10/2020,ETH,386.42,382.81,394.01,380.53,6.42M,1.05%
30/10/2020,ETH,382.41,387.16,391.98,374.36,2.81M,-1.13%
29/10/2020,ETH,386.76,388.25,393.33,381.53,3.04M,-0.35%
28/10/2020,ETH,388.14,403.11,408.10,381.51,9.96M,-3.72%
27/10/2020,ETH,403.15,393.93,409.85,390.92,6.29M,2.29%
26/10/2020,ETH,394.11,406.45,410.41,383.21,9.06M,-2.95%
25/10/2020,ETH,406.09,412.44,417.07,403.95,3.05M,-1.42%
24/10/2020,ETH,411.92,408.59,416.28,407.74,2.68M,0.83%
23/10/2020,ETH,408.52,414.12,419.11,402.91,8.18M,-1.33%
22/10/2020,ETH,414.05,391.39,420.12,391.21,12.65M,5.84%
21/10/2020,ETH,391.20,368.53,400.36,368.06,13.61M,6.20%
20/10/2020,ETH,368.35,379.03,380.14,367.16,7.46M,-2.86%
19/10/2020,ETH,379.19,377.85,383.97,372.72,6.85M,0.37%
18/10/2020,ETH,377.81,368.61,378.49,367.54,4.68M,2.49%
17/10/2020,ETH,368.63,365.08,369.94,363.18,4.98M,0.95%
16/10/2020,ETH,365.17,377.60,379.60,362.65,7.59M,-3.25%
15/10/2020,ETH,377.45,378.96,380.77,370.39,7.93M,-0.45%
14/10/2020,ETH,379.15,381.13,387.11,373.62,8.08M,-0.55%
13/10/2020,ETH,381.23,386.64,387.06,374.57,7.92M,-1.41%
12/10/2020,ETH,386.68,374.39,394.58,366.05,10.39M,3.34%
11/10/2020,ETH,374.19,370.28,377.27,369.23,5.22M,1.09%
10/10/2020,ETH,370.16,365.25,377.97,364.57,7.17M,1.34%
9/10/2020,ETH,365.28,350.71,368.19,347.82,7.85M,4.12%
8/10/2020,ETH,350.83,341.66,352.95,334.79,6.85M,2.74%
7/10/2020,ETH,341.48,340.59,342.68,334.11,5.77M,0.26%
6/10/2020,ETH,340.61,353.53,354.90,337.21,7.32M,-3.59%
5/10/2020,ETH,353.28,352.69,354.86,348.76,4.96M,0.16%
4/10/2020,ETH,352.73,345.60,353.97,344.03,4.77M,2.06%
3/10/2020,ETH,345.60,345.78,351.04,343.74,4.48M,-0.02%
2/10/2020,ETH,345.68,353.06,353.61,335.91,7.27M,-2.09%
1/10/2020,ETH,353.07,359.50,369.10,345.66,7.93M,-1.76%
30/09/2020,ETH,359.39,359.77,360.94,352.81,5.43M,-0.13%
29/09/2020,ETH,359.86,353.97,360.66,351.48,6.26M,1.63%
28/09/2020,ETH,354.08,357.42,367.63,352.57,7.77M,-0.88%
27/09/2020,ETH,357.23,354.26,362.00,347.51,6.35M,0.84%
26/09/2020,ETH,354.25,351.62,355.87,346.95,6.48M,0.75%
25/09/2020,ETH,351.63,349.13,357.80,338.01,8.47M,0.70%
24/09/2020,ETH,349.17,319.97,352.60,317.27,9.40M,9.13%
23/09/2020,ETH,319.95,343.96,344.12,315.54,13.88M,-7.00%
22/09/2020,ETH,344.03,341.32,346.19,336.15,9.29M,0.80%
21/09/2020,ETH,341.30,371.09,375.34,331.41,11.41M,-8.03%
20/09/2020,ETH,371.12,385.33,385.39,365.48,7.30M,-3.67%
19/09/2020,ETH,385.25,384.25,386.99,377.63,6.74M,0.27%
18/09/2020,ETH,384.20,389.37,392.21,375.81,8.95M,-1.23%
17/09/2020,ETH,388.97,364.75,393.96,363.54,12.85M,6.60%
16/09/2020,ETH,364.88,363.91,372.88,355.18,9.06M,0.24%
15/09/2020,ETH,364.01,376.70,381.67,362.40,9.06M,-3.37%
14/09/2020,ETH,376.70,365.89,383.99,357.54,10.34M,3.01%
13/09/2020,ETH,365.71,388.06,389.51,353.85,10.38M,-5.74%
12/09/2020,ETH,387.98,373.74,388.12,366.05,11.49M,3.82%
11/09/2020,ETH,373.72,367.89,374.41,356.38,12.53M,1.58%
10/09/2020,ETH,367.92,351.10,376.92,350.86,16.50M,4.79%
9/09/2020,ETH,351.10,337.46,358.33,331.12,14.07M,4.04%
8/09/2020,ETH,337.46,352.06,355.69,326.66,18.98M,-4.15%
7/09/2020,ETH,352.06,353.49,357.33,325.47,21.69M,-0.40%
6/09/2020,ETH,353.49,334.91,358.09,316.69,20.13M,5.55%
5/09/2020,ETH,334.91,385.94,394.12,314.13,35.32M,-13.22%
4/09/2020,ETH,385.94,381.97,399.58,368.22,25.20M,1.04%
3/09/2020,ETH,381.97,439.14,466.40,376.99,33.59M,-13.01%
2/09/2020,ETH,439.08,475.72,480.96,423.26,30.14M,-7.72%
1/09/2020,ETH,475.80,433.89,488.24,429.65,10.42M,9.65%
31/08/2020,ETH,433.90,428.81,438.71,418.35,7.89M,1.18%
30/08/2020,ETH,428.86,398.80,429.59,398.47,6.67M,7.54%
29/08/2020,ETH,398.80,395.32,405.53,391.97,5.23M,0.93%
28/08/2020,ETH,395.11,383.16,397.64,379.80,6.16M,3.13%
27/08/2020,ETH,383.11,385.96,396.48,372.53,7.03M,-0.74%
26/08/2020,ETH,385.96,383.16,392.61,377.63,6.69M,0.72%
25/08/2020,ETH,383.20,407.64,409.02,370.40,8.28M,-6.01%
24/08/2020,ETH,407.70,390.81,410.17,387.62,6.69M,4.40%
23/08/2020,ETH,390.50,395.56,396.96,383.42,5.36M,-1.28%
22/08/2020,ETH,395.56,388.06,396.87,379.96,6.73M,1.95%
21/08/2020,ETH,387.99,416.05,418.72,385.21,7.62M,-6.75%
20/08/2020,ETH,416.05,407.39,418.92,402.80,6.23M,2.11%
19/08/2020,ETH,407.44,422.10,426.65,394.51,8.44M,-3.49%
18/08/2020,ETH,422.16,430.63,433.65,415.45,8.18M,-1.95%
17/08/2020,ETH,430.56,433.62,444.86,420.71,7.83M,-0.71%
16/08/2020,ETH,433.63,432.22,436.58,413.22,7.02M,0.34%
15/08/2020,ETH,432.18,438.04,442.70,428.75,7.27M,-1.34%
14/08/2020,ETH,438.03,424.28,443.74,418.37,8.67M,3.23%
13/08/2020,ETH,424.31,387.15,430.33,377.57,12.04M,9.61%
12/08/2020,ETH,387.12,379.03,389.21,367.05,8.59M,2.14%
11/08/2020,ETH,379.01,395.52,398.13,367.38,9.44M,-4.18%
10/08/2020,ETH,395.53,390.22,399.05,386.45,8.01M,1.36%
9/08/2020,ETH,390.23,396.78,399.93,384.31,4.97M,-1.65%
8/08/2020,ETH,396.76,379.57,396.77,376.38,4.94M,4.53%
7/08/2020,ETH,379.57,394.80,398.14,366.44,8.34M,-3.86%
6/08/2020,ETH,394.83,400.80,403.18,391.67,7.92M,-1.49%
5/08/2020,ETH,400.79,389.62,406.92,384.84,8.74M,2.87%
4/08/2020,ETH,389.62,385.86,402.01,381.30,9.84M,0.99%
3/08/2020,ETH,385.80,372.26,397.73,368.46,9.92M,3.69%
2/08/2020,ETH,372.08,387.15,415.08,335.76,16.38M,-3.89%
1/08/2020,ETH,387.14,346.48,392.37,343.33,11.03M,11.73%
31/07/2020,ETH,346.51,334.84,349.34,329.02,8.69M,3.48%
30/07/2020,ETH,334.87,317.79,341.11,314.83,9.07M,5.36%
29/07/2020,ETH,317.82,316.95,324.93,312.64,8.72M,0.27%
28/07/2020,ETH,316.96,321.82,326.53,306.40,9.91M,-1.50%
27/07/2020,ETH,321.80,311.12,332.57,311.04,13.73M,3.43%
26/07/2020,ETH,311.13,305.32,318.54,300.33,9.19M,1.90%
25/07/2020,ETH,305.32,279.33,308.57,279.33,8.59M,9.30%
24/07/2020,ETH,279.33,275.33,287.01,268.54,7.17M,1.45%
23/07/2020,ETH,275.34,263.29,279.53,260.70,8.79M,4.58%
22/07/2020,ETH,263.28,245.54,266.42,241.89,6.68M,7.23%
21/07/2020,ETH,245.53,236.10,246.49,235.67,6.29M,3.99%
20/07/2020,ETH,236.10,239.03,239.71,234.51,5.36M,-1.22%
19/07/2020,ETH,239.01,235.72,239.70,233.35,6.61M,1.38%
18/07/2020,ETH,235.75,232.77,236.83,232.40,5.79M,1.29%
17/07/2020,ETH,232.75,233.65,234.53,231.84,5.88M,-0.39%
16/07/2020,ETH,233.65,238.62,239.47,230.44,6.63M,-2.08%
15/07/2020,ETH,238.62,240.49,241.36,237.04,7.35M,-0.78%
14/07/2020,ETH,240.50,239.75,242.08,237.21,7.07M,0.32%
13/07/2020,ETH,239.73,242.84,245.04,237.71,8.32M,-1.24%
12/07/2020,ETH,242.75,239.20,243.79,236.91,6.81M,1.48%
11/07/2020,ETH,239.20,241.21,241.64,237.76,6.42M,-0.85%
10/07/2020,ETH,241.26,242.01,242.17,236.19,6.84M,-0.32%
9/07/2020,ETH,242.02,246.93,247.63,238.28,9.02M,-2.01%
8/07/2020,ETH,246.99,239.26,248.76,238.00,12.98M,3.24%
7/07/2020,ETH,239.25,241.56,243.43,234.92,6.26M,-0.95%
6/07/2020,ETH,241.56,227.95,241.64,227.10,9.45M,5.96%
5/07/2020,ETH,227.98,229.09,229.80,223.79,5.41M,-0.51%
4/07/2020,ETH,229.15,225.09,230.40,224.80,5.45M,1.79%
3/07/2020,ETH,225.12,226.42,228.14,224.77,5.20M,-0.57%
2/07/2020,ETH,226.42,230.96,232.04,223.53,7.28M,-1.96%
1/07/2020,ETH,230.95,225.61,232.47,224.33,6.31M,2.36%
30/06/2020,ETH,225.63,227.88,228.57,223.23,5.60M,-0.99%
29/06/2020,ETH,227.87,225.09,229.83,221.60,6.80M,1.24%
28/06/2020,ETH,225.09,221.07,227.74,218.46,5.91M,1.82%
27/06/2020,ETH,221.06,229.72,231.30,217.11,7.21M,-3.75%
26/06/2020,ETH,229.67,232.57,233.50,228.16,6.96M,-1.24%
25/06/2020,ETH,232.56,234.75,235.29,227.99,6.48M,-0.93%
24/06/2020,ETH,234.75,243.20,249.23,231.56,9.13M,-3.47%
23/06/2020,ETH,243.20,243.24,244.77,240.94,5.16M,-0.02%
22/06/2020,ETH,243.25,228.11,246.39,227.69,7.93M,6.63%
21/06/2020,ETH,228.13,228.87,231.18,227.38,4.10M,-0.32%
20/06/2020,ETH,228.86,229.11,230.96,226.28,4.54M,-0.11%
19/06/2020,ETH,229.11,231.34,231.94,226.97,5.56M,-0.97%
18/06/2020,ETH,231.34,233.85,234.69,228.13,4.96M,-1.09%
17/06/2020,ETH,233.88,235.37,236.55,228.63,5.94M,-0.63%
16/06/2020,ETH,235.36,230.92,235.95,228.99,7.03M,1.92%
15/06/2020,ETH,230.93,231.99,233.34,219.06,10.18M,-0.47%
14/06/2020,ETH,232.02,238.23,238.48,230.52,5.78M,-2.60%
13/06/2020,ETH,238.22,237.55,238.61,234.86,5.27M,0.29%
12/06/2020,ETH,237.54,230.72,239.23,228.62,7.34M,2.96%
11/06/2020,ETH,230.71,247.79,249.77,227.01,12.40M,-6.89%
10/06/2020,ETH,247.78,243.82,249.51,242.54,7.63M,1.62%
9/06/2020,ETH,243.82,246.19,249.45,240.18,6.86M,-0.96%
8/06/2020,ETH,246.18,244.56,247.11,241.30,6.55M,0.66%
7/06/2020,ETH,244.56,242.00,244.94,235.44,8.10M,1.06%
6/06/2020,ETH,242.00,240.27,244.43,238.38,6.62M,0.73%
5/06/2020,ETH,240.23,243.37,247.50,239.70,7.75M,-1.29%
4/06/2020,ETH,243.37,244.53,246.41,236.68,8.75M,-0.47%
3/06/2020,ETH,244.52,237.90,244.76,233.84,8.15M,2.77%
2/06/2020,ETH,237.94,248.01,253.21,227.95,12.69M,-4.05%
1/06/2020,ETH,247.97,231.80,249.81,230.85,11.97M,6.97%
31/05/2020,ETH,231.81,243.63,245.33,230.31,12.43M,-4.85%
30/05/2020,ETH,243.63,220.66,246.55,218.86,14.34M,10.41%
29/05/2020,ETH,220.66,220.14,224.52,217.84,12.36M,0.21%
28/05/2020,ETH,220.18,208.20,220.33,204.79,12.51M,5.77%
27/05/2020,ETH,208.18,200.99,208.18,200.85,10.28M,3.57%
26/05/2020,ETH,201.00,204.13,204.90,197.30,10.44M,-1.53%
25/05/2020,ETH,204.13,199.99,205.52,198.57,10.63M,2.08%
24/05/2020,ETH,199.97,206.65,210.40,199.97,11.89M,-3.22%
23/05/2020,ETH,206.62,207.35,211.03,204.97,9.91M,-0.35%
22/05/2020,ETH,207.35,198.75,209.04,196.68,12.13M,4.33%
21/05/2020,ETH,198.75,210.00,211.58,192.11,14.36M,-5.35%
20/05/2020,ETH,209.99,214.52,215.28,207.03,12.19M,-2.11%
19/05/2020,ETH,214.51,214.88,215.75,209.79,13.96M,-0.17%
18/05/2020,ETH,214.87,207.00,217.00,207.00,17.73M,3.80%
17/05/2020,ETH,207.00,200.51,209.79,199.77,15.78M,3.23%
16/05/2020,ETH,200.51,194.85,203.12,193.48,15.52M,2.91%
15/05/2020,ETH,194.85,203.29,204.02,192.61,16.62M,-4.15%
14/05/2020,ETH,203.30,199.58,205.82,196.21,20.75M,1.86%
13/05/2020,ETH,199.58,189.82,200.82,188.59,17.47M,5.13%
12/05/2020,ETH,189.84,185.82,192.04,185.68,15.58M,2.09%
11/05/2020,ETH,185.96,187.77,193.26,177.43,26.74M,-0.97%
10/05/2020,ETH,187.78,210.19,210.19,180.70,35.98M,-10.68%
9/05/2020,ETH,210.22,211.47,214.50,208.83,20.90M,-0.58%
8/05/2020,ETH,211.45,212.00,216.44,207.25,23.08M,-0.26%
7/05/2020,ETH,212.00,199.05,214.00,197.36,26.71M,6.51%
6/05/2020,ETH,199.04,205.36,210.62,198.79,24.03M,-3.08%
5/05/2020,ETH,205.36,206.59,211.33,201.75,21.05M,-0.61%
4/05/2020,ETH,206.61,209.85,210.63,195.25,27.21M,-1.53%
3/05/2020,ETH,209.83,213.96,218.74,205.50,23.12M,-1.93%
2/05/2020,ETH,213.96,212.00,215.15,210.51,18.31M,0.92%
1/05/2020,ETH,212.00,206.23,216.99,206.06,23.08M,2.80%
30/04/2020,ETH,206.22,215.42,227.05,202.59,35.46M,-4.26%
29/04/2020,ETH,215.40,196.55,218.32,196.45,32.87M,9.59%
28/04/2020,ETH,196.55,196.13,197.51,192.47,21.81M,0.21%
27/04/2020,ETH,196.14,197.35,198.80,190.87,23.33M,-0.61%
26/04/2020,ETH,197.35,194.01,199.30,192.52,23.13M,1.72%
25/04/2020,ETH,194.01,187.57,197.35,186.03,21.87M,3.43%
24/04/2020,ETH,187.58,185.48,189.33,185.19,19.84M,1.14%
23/04/2020,ETH,185.46,182.72,192.40,178.54,28.73M,1.50%
22/04/2020,ETH,182.72,170.79,183.71,169.93,23.81M,6.99%
21/04/2020,ETH,170.79,170.37,174.48,168.31,23.63M,0.23%
20/04/2020,ETH,170.40,180.12,186.24,167.51,33.68M,-5.40%
19/04/2020,ETH,180.13,187.47,188.23,177.24,23.27M,-3.90%
18/04/2020,ETH,187.45,170.63,189.22,170.61,24.75M,9.85%
17/04/2020,ETH,170.63,172.32,174.52,168.55,20.05M,-0.97%
16/04/2020,ETH,172.31,152.90,174.28,148.91,32.99M,12.69%
15/04/2020,ETH,152.90,158.43,161.06,152.44,20.70M,-3.50%
14/04/2020,ETH,158.45,156.36,161.57,155.52,21.20M,1.33%
13/04/2020,ETH,156.38,158.76,158.85,150.60,25.30M,-1.48%
12/04/2020,ETH,158.73,158.18,164.75,155.17,22.60M,0.35%
11/04/2020,ETH,158.18,157.85,161.37,154.01,19.07M,0.20%
10/04/2020,ETH,157.86,169.67,170.10,152.52,28.35M,-6.97%
9/04/2020,ETH,169.68,173.01,173.20,165.91,20.66M,-1.92%
8/04/2020,ETH,173.00,164.71,174.23,163.73,24.31M,5.03%
7/04/2020,ETH,164.71,171.07,175.78,162.75,35.79M,-3.71%
6/04/2020,ETH,171.06,142.58,171.24,142.55,37.89M,19.97%
5/04/2020,ETH,142.58,144.03,145.26,140.84,18.17M,-0.99%
4/04/2020,ETH,144.01,141.13,145.71,139.36,19.75M,2.03%
3/04/2020,ETH,141.14,141.29,146.46,138.01,23.34M,-0.11%
2/04/2020,ETH,141.30,135.65,148.91,135.26,29.42M,4.16%
1/04/2020,ETH,135.66,132.88,136.56,128.93,19.45M,2.10%
31/03/2020,ETH,132.86,132.15,135.14,130.54,17.30M,0.54%
30/03/2020,ETH,132.15,125.24,134.72,125.02,20.71M,5.52%
29/03/2020,ETH,125.24,131.02,131.74,124.84,16.33M,-4.42%
28/03/2020,ETH,131.03,131.74,132.68,125.48,21.03M,-0.54%
27/03/2020,ETH,131.74,138.38,140.99,131.09,18.18M,-4.80%
26/03/2020,ETH,138.38,136.08,139.22,133.69,17.71M,1.70%
25/03/2020,ETH,136.07,138.59,141.88,133.06,24.15M,-1.84%
24/03/2020,ETH,138.62,136.00,142.90,132.67,27.10M,1.91%
23/03/2020,ETH,136.02,122.46,136.93,120.20,28.62M,11.12%
22/03/2020,ETH,122.41,132.59,136.86,121.37,25.25M,-7.67%
21/03/2020,ETH,132.58,133.32,137.33,126.01,27.00M,-0.56%
20/03/2020,ETH,133.32,135.43,151.85,118.07,38.74M,-1.56%
19/03/2020,ETH,135.43,117.76,141.05,115.59,33.78M,15.00%
18/03/2020,ETH,117.77,115.95,117.91,110.16,25.80M,1.47%
17/03/2020,ETH,116.06,111.06,120.60,109.67,27.09M,4.54%
16/03/2020,ETH,111.02,124.35,124.38,102.44,40.25M,-10.72%
15/03/2020,ETH,124.35,122.67,132.13,120.93,26.24M,1.35%
14/03/2020,ETH,122.69,134.02,134.58,121.27,26.83M,-8.43%
13/03/2020,ETH,133.99,107.87,138.86,88.50,60.70M,24.18%
12/03/2020,ETH,107.90,194.57,195.40,102.83,53.51M,-44.55%
11/03/2020,ETH,194.58,200.61,202.96,182.15,21.26M,-2.98%
10/03/2020,ETH,200.56,202.88,205.62,196.17,21.87M,-1.13%
9/03/2020,ETH,202.85,199.21,208.23,190.73,30.27M,1.85%
8/03/2020,ETH,199.16,237.30,237.30,196.71,24.76M,-16.08%
7/03/2020,ETH,237.32,244.87,251.55,236.87,16.90M,-3.10%
6/03/2020,ETH,244.90,228.46,244.98,227.71,17.74M,7.20%
5/03/2020,ETH,228.45,224.36,233.96,224.34,17.82M,1.81%
4/03/2020,ETH,224.38,223.94,228.66,220.74,14.65M,0.20%
3/03/2020,ETH,223.94,231.90,232.37,220.34,18.48M,-3.42%
2/03/2020,ETH,231.87,217.96,234.24,216.23,18.12M,6.37%
1/03/2020,ETH,217.99,217.51,227.44,213.00,17.17M,0.21%
29/02/2020,ETH,217.52,226.94,232.87,217.43,16.34M,-4.15%
28/02/2020,ETH,226.93,227.60,234.55,214.47,24.11M,-0.26%
27/02/2020,ETH,227.53,224.30,238.07,210.36,28.83M,1.44%
26/02/2020,ETH,224.30,246.97,250.05,216.39,29.55M,-9.18%
25/02/2020,ETH,246.96,265.63,266.17,245.75,20.31M,-7.04%
24/02/2020,ETH,265.65,274.72,276.81,258.15,19.96M,-3.30%
23/02/2020,ETH,274.72,261.65,275.30,261.24,16.04M,5.00%
22/02/2020,ETH,261.64,265.14,266.71,256.97,13.40M,-1.31%
21/02/2020,ETH,265.11,257.32,267.80,254.15,17.46M,3.00%
20/02/2020,ETH,257.39,259.07,264.22,246.46,22.07M,-0.67%
19/02/2020,ETH,259.12,282.33,285.75,253.88,20.76M,-8.20%
18/02/2020,ETH,282.26,267.71,285.59,259.30,24.15M,5.46%
17/02/2020,ETH,267.63,259.92,268.45,242.11,25.61M,2.94%
16/02/2020,ETH,259.99,264.87,273.81,237.89,24.82M,-1.84%
15/02/2020,ETH,264.87,285.17,287.93,262.45,22.26M,-7.15%
14/02/2020,ETH,285.25,268.71,286.34,260.78,19.99M,6.14%
13/02/2020,ETH,268.75,265.59,277.39,257.09,25.05M,1.19%
12/02/2020,ETH,265.58,236.75,274.89,236.73,23.79M,12.18%
11/02/2020,ETH,236.76,222.94,238.61,218.22,17.39M,6.19%
10/02/2020,ETH,222.95,228.61,229.28,217.02,16.50M,-2.47%
9/02/2020,ETH,228.59,223.23,230.38,223.07,14.28M,2.40%
8/02/2020,ETH,223.23,223.47,227.55,213.75,15.98M,-0.13%
7/02/2020,ETH,223.51,213.15,224.53,213.14,16.73M,4.86%
6/02/2020,ETH,213.16,203.84,216.14,201.29,16.44M,4.58%
5/02/2020,ETH,203.83,188.94,207.51,188.26,14.67M,7.89%
4/02/2020,ETH,188.93,189.80,191.48,188.93,11.56M,-0.45%
3/02/2020,ETH,189.79,188.48,194.92,187.16,11.95M,0.69%
2/02/2020,ETH,188.50,183.58,193.25,179.49,14.54M,2.65%
1/02/2020,ETH,183.64,179.88,184.17,179.36,13.24M,2.08%
31/01/2020,ETH,179.91,184.60,185.67,175.46,11.77M,-2.54%
30/01/2020,ETH,184.59,173.86,186.76,171.20,13.02M,6.17%
29/01/2020,ETH,173.86,175.78,178.41,173.76,11.27M,-1.07%
28/01/2020,ETH,175.74,170.27,176.06,170.27,12.63M,3.21%
27/01/2020,ETH,170.27,167.91,171.97,165.45,12.54M,1.41%
26/01/2020,ETH,167.90,160.40,168.00,159.55,9.82M,4.65%
25/01/2020,ETH,160.44,162.56,162.72,157.87,9.63M,-1.29%
24/01/2020,ETH,162.55,162.80,164.27,155.65,14.88M,-0.15%
23/01/2020,ETH,162.80,168.15,168.25,159.78,14.86M,-3.17%
22/01/2020,ETH,168.13,169.41,171.27,166.19,11.30M,-0.76%
21/01/2020,ETH,169.41,166.87,169.79,165.53,11.52M,1.52%
20/01/2020,ETH,166.87,166.92,169.24,161.61,11.30M,-0.03%
19/01/2020,ETH,166.92,174.17,177.77,162.04,15.84M,-4.17%
18/01/2020,ETH,174.19,170.18,179.29,165.34,17.42M,2.33%
17/01/2020,ETH,170.22,164.39,173.96,162.33,18.57M,3.57%
16/01/2020,ETH,164.36,166.44,167.18,159.08,16.24M,-1.26%
15/01/2020,ETH,166.45,166.07,166.45,159.74,16.66M,0.23%
14/01/2020,ETH,166.07,143.59,169.73,143.59,22.85M,15.65%
13/01/2020,ETH,143.60,146.50,146.87,142.64,10.26M,-1.95%
12/01/2020,ETH,146.46,142.65,146.46,142.00,10.01M,2.66%
11/01/2020,ETH,142.67,144.81,147.68,142.23,12.46M,-1.48%
10/01/2020,ETH,144.81,137.93,144.86,135.69,13.37M,4.99%
9/01/2020,ETH,137.92,140.80,141.60,135.85,11.38M,-2.05%
8/01/2020,ETH,140.81,143.01,147.55,137.61,13.71M,-1.56%
7/01/2020,ETH,143.04,144.09,145.13,139.22,13.58M,-0.73%
6/01/2020,ETH,144.08,135.59,144.27,135.17,14.36M,6.26%
5/01/2020,ETH,135.59,134.32,138.33,134.32,12.19M,0.94%
4/01/2020,ETH,134.33,134.30,135.57,132.76,11.16M,0.04%
3/01/2020,ETH,134.27,127.19,134.86,126.05,15.67M,5.56%
2/01/2020,ETH,127.19,130.75,130.77,126.74,11.45M,-2.72%
1/01/2020,ETH,130.75,129.21,132.97,128.81,10.35M,1.19%
